--
-- PostgreSQL database dump
--

-- Dumped from database version 13.1 (Debian 13.1-1.pgdg100+1)
-- Dumped by pg_dump version 13.1 (Debian 13.1-1.pgdg100+1)

SET statement_timeout = 0;
SET lock_timeout = 0;
SET idle_in_transaction_session_timeout = 0;
SET client_encoding = 'UTF8';
SET standard_conforming_strings = on;
SELECT pg_catalog.set_config('search_path', '', false);
SET check_function_bodies = false;
SET xmloption = content;
SET client_min_messages = warning;
SET row_security = off;

SET default_tablespace = '';

SET default_table_access_method = heap;

--
-- Name: answer_langs; Type: TABLE; Schema: public; Owner: postgres
--

CREATE TABLE public.answer_langs (
    id bigint NOT NULL,
    text text NOT NULL,
    answer_langs bigint,
    i18n_answer_langs bigint
);


ALTER TABLE public.answer_langs OWNER TO postgres;

--
-- Name: answer_langs_id_seq; Type: SEQUENCE; Schema: public; Owner: postgres
--

ALTER TABLE public.answer_langs ALTER COLUMN id ADD GENERATED BY DEFAULT AS IDENTITY (
    SEQUENCE NAME public.answer_langs_id_seq
    START WITH 1
    INCREMENT BY 1
    NO MINVALUE
    NO MAXVALUE
    CACHE 1
);


--
-- Name: answers; Type: TABLE; Schema: public; Owner: postgres
--

CREATE TABLE public.answers (
    id bigint NOT NULL,
    question_answers bigint
);


ALTER TABLE public.answers OWNER TO postgres;

--
-- Name: answers_id_seq; Type: SEQUENCE; Schema: public; Owner: postgres
--

ALTER TABLE public.answers ALTER COLUMN id ADD GENERATED BY DEFAULT AS IDENTITY (
    SEQUENCE NAME public.answers_id_seq
    START WITH 1
    INCREMENT BY 1
    NO MINVALUE
    NO MAXVALUE
    CACHE 1
);


--
-- Name: i18ns; Type: TABLE; Schema: public; Owner: postgres
--

CREATE TABLE public.i18ns (
    id bigint NOT NULL,
    code character varying NOT NULL,
    language character varying NOT NULL
);


ALTER TABLE public.i18ns OWNER TO postgres;

--
-- Name: i18ns_id_seq; Type: SEQUENCE; Schema: public; Owner: postgres
--

ALTER TABLE public.i18ns ALTER COLUMN id ADD GENERATED BY DEFAULT AS IDENTITY (
    SEQUENCE NAME public.i18ns_id_seq
    START WITH 1
    INCREMENT BY 1
    NO MINVALUE
    NO MAXVALUE
    CACHE 1
);


--
-- Name: question_langs; Type: TABLE; Schema: public; Owner: postgres
--

CREATE TABLE public.question_langs (
    id bigint NOT NULL,
    title character varying NOT NULL,
    body text NOT NULL,
    explanation text NOT NULL,
    i18n_question_langs bigint,
    question_langs bigint
);


ALTER TABLE public.question_langs OWNER TO postgres;

--
-- Name: question_langs_id_seq; Type: SEQUENCE; Schema: public; Owner: postgres
--

ALTER TABLE public.question_langs ALTER COLUMN id ADD GENERATED BY DEFAULT AS IDENTITY (
    SEQUENCE NAME public.question_langs_id_seq
    START WITH 1
    INCREMENT BY 1
    NO MINVALUE
    NO MAXVALUE
    CACHE 1
);


--
-- Name: questions; Type: TABLE; Schema: public; Owner: postgres
--

CREATE TABLE public.questions (
    id bigint NOT NULL,
    question_correct_answer bigint,
    quiz_questions bigint
);


ALTER TABLE public.questions OWNER TO postgres;

--
-- Name: questions_id_seq; Type: SEQUENCE; Schema: public; Owner: postgres
--

ALTER TABLE public.questions ALTER COLUMN id ADD GENERATED BY DEFAULT AS IDENTITY (
    SEQUENCE NAME public.questions_id_seq
    START WITH 1
    INCREMENT BY 1
    NO MINVALUE
    NO MAXVALUE
    CACHE 1
);


--
-- Name: quiz_langs; Type: TABLE; Schema: public; Owner: postgres
--

CREATE TABLE public.quiz_langs (
    id bigint NOT NULL,
    name character varying NOT NULL,
    description text NOT NULL,
    i18n_quiz_langs bigint,
    quiz_langs bigint
);


ALTER TABLE public.quiz_langs OWNER TO postgres;

--
-- Name: quiz_langs_id_seq; Type: SEQUENCE; Schema: public; Owner: postgres
--

ALTER TABLE public.quiz_langs ALTER COLUMN id ADD GENERATED BY DEFAULT AS IDENTITY (
    SEQUENCE NAME public.quiz_langs_id_seq
    START WITH 1
    INCREMENT BY 1
    NO MINVALUE
    NO MAXVALUE
    CACHE 1
);


--
-- Name: quizs; Type: TABLE; Schema: public; Owner: postgres
--

CREATE TABLE public.quizs (
    id bigint NOT NULL,
    url_img character varying NOT NULL
);


ALTER TABLE public.quizs OWNER TO postgres;

--
-- Name: quizs_id_seq; Type: SEQUENCE; Schema: public; Owner: postgres
--

ALTER TABLE public.quizs ALTER COLUMN id ADD GENERATED BY DEFAULT AS IDENTITY (
    SEQUENCE NAME public.quizs_id_seq
    START WITH 1
    INCREMENT BY 1
    NO MINVALUE
    NO MAXVALUE
    CACHE 1
);


--
-- Name: responses; Type: TABLE; Schema: public; Owner: postgres
--

CREATE TABLE public.responses (
    id bigint NOT NULL,
    created_at timestamp with time zone NOT NULL,
    answer_responses bigint,
    user_responses bigint
);


ALTER TABLE public.responses OWNER TO postgres;

--
-- Name: responses_id_seq; Type: SEQUENCE; Schema: public; Owner: postgres
--

ALTER TABLE public.responses ALTER COLUMN id ADD GENERATED BY DEFAULT AS IDENTITY (
    SEQUENCE NAME public.responses_id_seq
    START WITH 1
    INCREMENT BY 1
    NO MINVALUE
    NO MAXVALUE
    CACHE 1
);


--
-- Name: user_quizes; Type: TABLE; Schema: public; Owner: postgres
--

CREATE TABLE public.user_quizes (
    user_id bigint NOT NULL,
    quiz_id bigint NOT NULL
);


ALTER TABLE public.user_quizes OWNER TO postgres;

--
-- Name: users; Type: TABLE; Schema: public; Owner: postgres
--

CREATE TABLE public.users (
    id bigint NOT NULL,
    name character varying NOT NULL,
    email character varying NOT NULL,
    created_at timestamp with time zone NOT NULL
);


ALTER TABLE public.users OWNER TO postgres;

--
-- Name: users_id_seq; Type: SEQUENCE; Schema: public; Owner: postgres
--

ALTER TABLE public.users ALTER COLUMN id ADD GENERATED BY DEFAULT AS IDENTITY (
    SEQUENCE NAME public.users_id_seq
    START WITH 1
    INCREMENT BY 1
    NO MINVALUE
    NO MAXVALUE
    CACHE 1
);


--
-- Data for Name: answer_langs; Type: TABLE DATA; Schema: public; Owner: postgres
--

COPY public.answer_langs (id, text, answer_langs, i18n_answer_langs) FROM stdin;
1	`Lydia` and `undefined`	1	1
2	`Lydia` and `ReferenceError`	2	1
3	`ReferenceError` and `21`	3	1
4	`undefined` and `ReferenceError`	4	1
5	`0 1 2` and `0 1 2`	5	1
6	`0 1 2` and `3 3 3`	6	1
7	`3 3 3` and `0 1 2`	7	1
8	`20` and `62.83185307179586`	8	1
9	`20` and `NaN`	9	1
10	`20` and `63`	10	1
11	`NaN` and `63`	11	1
12	`1` and `false`	12	1
13	`false` and `NaN`	13	1
14	`false` and `false`	14	1
15	`mouse.bird.size` is not valid	15	1
16	`mouse[bird.size]` is not valid	16	1
17	`mouse[bird["size"]]` is not valid	17	1
18	All of them are valid	18	1
19	`Hello`	19	1
20	`Hey!`	20	1
21	`undefined`	21	1
22	`ReferenceError`	22	1
23	`TypeError`	23	1
24	`true` `false` `true`	24	1
25	`false` `false` `true`	25	1
26	`true` `false` `false`	26	1
27	`false` `true` `true`	27	1
28	`orange`	28	1
29	`purple`	29	1
30	`green`	30	1
31	`TypeError`	31	1
32	`{}`	32	1
33	`ReferenceError: greetign is not defined`	33	1
34	`undefined`	34	1
35	Nothing, this is totally fine!	35	1
36	`SyntaxError`. You cannot add properties to a function this way.	36	1
37	`"Woof"` gets logged.	37	1
38	`ReferenceError`	38	1
39	`TypeError`	39	1
40	`SyntaxError`	40	1
41	`Lydia Hallie`	41	1
42	`undefined` `undefined`	42	1
43	`Person {firstName: "Lydia", lastName: "Hallie"}` and `undefined`	43	1
44	`Person {firstName: "Lydia", lastName: "Hallie"}` and `Person {firstName: "Sarah", lastName: "Smith"}`	44	1
45	`Person {firstName: "Lydia", lastName: "Hallie"}` and `{}`	45	1
46	`Person {firstName: "Lydia", lastName: "Hallie"}` and `ReferenceError`	46	1
47	Target > Capturing > Bubbling	47	1
48	Bubbling > Target > Capturing	48	1
49	Target > Bubbling > Capturing	49	1
50	Capturing > Target > Bubbling	50	1
51	true	51	1
52	false	52	1
53	`NaN`	53	1
54	`TypeError`	54	1
55	`"12"`	55	1
56	`3`	56	1
57	`1` `1` `2`	57	1
58	`1` `2` `2`	58	1
59	`0` `2` `2`	59	1
60	`0` `1` `2`	60	1
61	`"Lydia"` `21` `["", " is ", " years old"]`	61	1
62	`["", " is ", " years old"]` `"Lydia"` `21`	62	1
63	`"Lydia"` `["", " is ", " years old"]` `21`	63	1
64	`You are an adult!`	64	1
65	`You are still an adult.`	65	1
66	`Hmm.. You don't have an age I guess`	66	1
67	`"number"`	67	1
68	`"array"`	68	1
69	`"object"`	69	1
70	`"NaN"`	70	1
71	`21`	71	1
72	`undefined`	72	1
73	`ReferenceError`	73	1
74	`TypeError`	74	1
75	`105`	75	1
76	`"105"`	76	1
77	`TypeError`	77	1
78	`"10*10+5"`	78	1
79	Forever, the data doesn't get lost.	79	1
80	When the user closes the tab.	80	1
81	When the user closes the entire browser, not only the tab.	81	1
82	When the user shuts off their computer.	82	1
83	`8`	83	1
84	`10`	84	1
85	`SyntaxError`	85	1
86	`ReferenceError`	86	1
87	`false` `true` `false` `true`	87	1
88	`false` `true` `true` `true`	88	1
89	`true` `true` `false` `true`	89	1
90	`true` `true` `true` `true`	90	1
91	`{ a: "one", b: "two" }`	91	1
92	`{ b: "two", a: "three" }`	92	1
93	`{ a: "three", b: "two" }`	93	1
94	`SyntaxError`	94	1
95	true	95	1
96	false	96	1
97	it depends	97	1
98	`1` `2`	98	1
99	`1` `2` `3`	99	1
100	`1` `2` `4`	100	1
101	`1` `3` `4`	101	1
102	`"Just give Lydia pizza already!"`	102	1
103	`TypeError: not a function`	103	1
104	`SyntaxError`	104	1
105	`undefined`	105	1
106	`123`	106	1
107	`456`	107	1
108	`undefined`	108	1
109	`ReferenceError`	109	1
110	`First` `Second` `Third`	110	1
111	`First` `Third` `Second`	111	1
112	`Second` `First` `Third`	112	1
113	`Second` `Third` `First`	113	1
114	Outer `div`	114	1
115	Inner `div`	115	1
116	`button`	116	1
117	An array of all nested elements.	117	1
118	`p` `div`	118	1
119	`div` `p`	119	1
120	`p`	120	1
121	`div`	121	1
122	`undefined is 21` `Lydia is 21`	122	1
123	`function` `function`	123	1
124	`Lydia is 21` `Lydia is 21`	124	1
125	`Lydia is 21` `function`	125	1
126	`"object"`	126	1
127	`"number"`	127	1
128	`"function"`	128	1
129	`"undefined"`	129	1
130	`0`, `''`, `undefined`	130	1
131	`0`, `new Number(0)`, `''`, `new Boolean(false)`, `undefined`	131	1
132	`0`, `''`, `new Boolean(false)`, `undefined`	132	1
133	All of them are falsy	133	1
134	`"number"`	134	1
135	`"string"`	135	1
136	`"object"`	136	1
137	`"undefined"`	137	1
138	`[1, 2, 3, 7 x null, 11]`	138	1
139	`[1, 2, 3, 11]`	139	1
140	`[1, 2, 3, 7 x empty, 11]`	140	1
141	`SyntaxError`	141	1
142	`1` `undefined` `2`	142	1
143	`undefined` `undefined` `undefined`	143	1
144	`1` `1` `2`	144	1
145	`1` `undefined` `undefined`	145	1
146	primitive or object	146	1
147	function or object	147	1
148	trick question! only objects	148	1
149	number or object	149	1
150	`[0, 1, 2, 3, 1, 2]`	150	1
151	`[6, 1, 2]`	151	1
152	`[1, 2, 0, 1, 2, 3]`	152	1
153	`[1, 2, 6]`	153	1
154	`false` `true` `false`	154	1
155	`false` `false` `true`	155	1
156	`false` `true` `true`	156	1
157	`true` `true` `false`	157	1
158	a unique id	158	1
159	the amount of milliseconds specified	159	1
160	the passed function	160	1
161	`undefined`	161	1
162	`["L", "y", "d", "i", "a"]`	162	1
163	`["Lydia"]`	163	1
164	`[[], "Lydia"]`	164	1
165	`[["L", "y", "d", "i", "a"]]`	165	1
166	`[0, 10], [10, 20]`	166	1
167	`20, 20`	167	1
168	`10, 20`	168	1
169	`0, 10 and 10, 20`	169	1
170	`"one"`	170	1
171	`"two"`	171	1
172	`"two" "one"`	172	1
173	`"one" "two"`	173	1
174	`null`	174	1
175	`[null]`	175	1
176	`[{}]`	176	1
177	`[{ name: "Lydia" }]`	177	1
178	`{ name: "Lydia" }, { age: 21 }`	178	1
179	`"name", "age"`	179	1
180	`"Lydia", 21`	180	1
181	`["name", "Lydia"], ["age", 21]`	181	1
182	`"345"`	182	1
183	`"75"`	183	1
184	`12`	184	1
185	`"12"`	185	1
186	`42`	186	1
187	`"42"`	187	1
188	`7`	188	1
189	`NaN`	189	1
190	`[]`	190	1
191	`[null, null, null]`	191	1
192	`[undefined, undefined, undefined]`	192	1
193	`[ 3 x empty ]`	193	1
194	`{ name: "Lydia" }, "1997"`	194	1
195	`{ name: "Sarah" }, "1998"`	195	1
196	`{ name: "Lydia" }, "1998"`	196	1
197	`{ name: "Sarah" }, "1997"`	197	1
198	`It worked! Hello world!`	198	1
199	`Oh no an error: undefined`	199	1
200	`SyntaxError: can only throw Error objects`	200	1
201	`Oh no an error: Hello world!`	201	1
202	`"Lamborghini"`	202	1
203	`"Maserati"`	203	1
204	`ReferenceError`	204	1
205	`TypeError`	205	1
206	`"undefined", "number"`	206	1
207	`"number", "number"`	207	1
208	`"object", "number"`	208	1
209	`"number", "undefined"`	209	1
210	`"Woof I am Mara"`, `TypeError`	210	1
211	`"Woof I am Mara"`, `"Woof I am Mara"`	211	1
212	`"Woof I am Mara"`, `undefined`	212	1
213	`TypeError`, `TypeError`	213	1
214	`[1, 1, 2, 3, 4]`	214	1
215	`[1, 2, 3, 4]`	215	1
216	`{1, 1, 2, 3, 4}`	216	1
217	`{1, 2, 3, 4}`	217	1
218	`10`	218	1
219	`11`	219	1
220	`Error`	220	1
221	`NaN`	221	1
222	`false`, `true`	222	1
223	`"Lydia"`, `21`	223	1
224	`true`, `true`	224	1
225	`undefined`, `undefined`	225	1
226	`[[1, 2, 3, 4, 5]]`	226	1
227	`[1, 2, 3, 4, 5]`	227	1
228	`1`	228	1
229	`[1]`	229	1
230	`{ admin: true, user: { name: "Lydia", age: 21 } }`	230	1
231	`{ admin: true, name: "Lydia", age: 21 }`	231	1
232	`{ admin: true, user: ["Lydia", 21] }`	232	1
233	`{ admin: true }`	233	1
234	`{ name: "Lydia", age: 21 }`, `["name", "age"]`	234	1
235	`{ name: "Lydia", age: 21 }`, `["name"]`	235	1
236	`{ name: "Lydia"}`, `["name", "age"]`	236	1
237	`{ name: "Lydia"}`, `["age"]`	237	1
238	`"{"level":19, "health":90}"`	238	1
239	`"{"username": "lydiahallie"}"`	239	1
240	`"["level", "health"]"`	240	1
241	`"{"username": "lydiahallie", "level":19, "health":90}"`	241	1
242	`10`, `10`	242	1
243	`10`, `11`	243	1
244	`11`, `11`	244	1
245	`11`, `12`	245	1
246	`20`, `40`, `80`, `160`	246	1
247	`20`, `40`, `20`, `40`	247	1
248	`20`, `20`, `20`, `40`	248	1
249	`NaN`, `NaN`, `20`, `40`	249	1
250	`1` `2` and `3` `3` and `6` `4`	250	1
251	`1` `2` and `2` `3` and `3` `4`	251	1
252	`1` `undefined` and `2` `undefined` and `3` `undefined` and `4` `undefined`	252	1
253	`1` `2` and `undefined` `3` and `undefined` `4`	253	1
254	1	254	1
255	2	255	1
256	3	256	1
257	4	257	1
258	`running index.js`, `running sum.js`, `3`	258	1
259	`running sum.js`, `running index.js`, `3`	259	1
260	`running sum.js`, `3`, `running index.js`	260	1
261	`running index.js`, `undefined`, `running sum.js`	261	1
262	`true`, `true`, `false`	262	1
263	`false`, `true`, `false`	263	1
264	`true`, `false`, `true`	264	1
265	`true`, `true`, `true`	265	1
266	`"Lydia Hallie"`, `"Lydia Hallie"`	266	1
267	`" Lydia Hallie"`, `" Lydia Hallie"` (`"[13x whitespace]Lydia Hallie"`, `"[2x whitespace]Lydia Hallie"`)	267	1
268	`" Lydia Hallie"`, `"Lydia Hallie"` (`"[1x whitespace]Lydia Hallie"`, `"Lydia Hallie"`)	268	1
269	`"Lydia Hallie"`, `"Lyd"`,	269	1
270	`"🥑💻"`	270	1
271	`257548`	271	1
272	A string containing their code points	272	1
273	Error	273	1
274	`game.next("Yes").value` and `game.next().value`	274	1
275	`game.next.value("Yes")` and `game.next.value()`	275	1
276	`game.next().value` and `game.next("Yes").value`	276	1
277	`game.next.value()` and `game.next.value("Yes")`	277	1
278	`Hello world!`	278	1
279	`Hello` <br />&nbsp; &nbsp; &nbsp;`world`	279	1
280	`Hello\\nworld`	280	1
281	`Hello\\n` <br /> &nbsp; &nbsp; &nbsp;`world`	281	1
282	`"I made it!"`	282	1
283	`Promise {<resolved>: "I made it!"}`	283	1
284	`Promise {<pending>}`	284	1
285	`undefined`	285	1
286	`['apple', 'banana']`	286	1
287	`2`	287	1
288	`true`	288	1
289	`undefined`	289	1
290	`{ x: 100, y: 20 }`	290	1
291	`{ x: 10, y: 20 }`	291	1
292	`{ x: 100 }`	292	1
293	`ReferenceError`	293	1
294	`"Lydia"`	294	1
295	`"myName"`	295	1
296	`undefined`	296	1
297	`ReferenceError`	297	1
298	Yes	298	1
299	No	299	1
300	`Calculated! 20` `Calculated! 20` `Calculated! 20`	300	1
301	`Calculated! 20` `From cache! 20` `Calculated! 20`	301	1
302	`Calculated! 20` `From cache! 20` `From cache! 20`	302	1
303	`Calculated! 20` `From cache! 20` `Error`	303	1
304	`0` `1` `2` `3` and `"☕"` `"💻"` `"🍷"` `"🍫"`	304	1
305	`"☕"` `"💻"` `"🍷"` `"🍫"` and `"☕"` `"💻"` `"🍷"` `"🍫"`	305	1
306	`"☕"` `"💻"` `"🍷"` `"🍫"` and `0` `1` `2` `3`	306	1
307	`0` `1` `2` `3` and `{0: "☕", 1: "💻", 2: "🍷", 3: "🍫"}`	307	1
308	`["1 + 2", "1 * 2", "1 / 2"]`	308	1
309	`["12", 2, 0.5]`	309	1
310	`[3, 2, 0.5]`	310	1
311	`[1, 1, 1]`	311	1
312	`Hi there,`	312	1
313	`Hi there, undefined`	313	1
314	`Hi there, null`	314	1
315	`ReferenceError`	315	1
316	`"🥑"` and `"😍"`	316	1
317	`"🥑"` and `"😎"`	317	1
318	`"😍"` and `"😎"`	318	1
319	`"😎"` and `"😎"`	319	1
320	`{ name: "Lydia", age: 21 }`	320	1
321	`{ name: "Lydia", age: 21, city: "Amsterdam" }`	321	1
322	`{ name: "Lydia", age: 21, city: undefined }`	322	1
323	`"Amsterdam"`	323	1
324	`"Sorry, you're too young."`	324	1
325	`"Yay! You're old enough!"`	325	1
326	`ReferenceError`	326	1
327	`undefined`	327	1
328	The result of the `fetch` method.	328	1
329	The result of the second invocation of the `fetch` method.	329	1
330	The result of the callback in the previous `.then()`.	330	1
331	It would always be undefined.	331	1
332	`!!name`	332	1
333	`name`	333	1
334	`new Boolean(name)`	334	1
335	`name.length`	335	1
336	`"""`	336	1
337	`"I"`	337	1
338	`SyntaxError`	338	1
339	`undefined`	339	1
340	`NaN`	340	1
341	`20`	341	1
342	`ReferenceError`	342	1
343	`undefined`	343	1
344	`{ default: function default(), name: "Lydia" }`	344	1
345	`{ default: function default() }`	345	1
346	`{ default: "Hello world", name: "Lydia" }`	346	1
347	Global object of `module.js`	347	1
348	`"class"`	348	1
349	`"function"`	349	1
350	`"object"`	350	1
351	`"string"`	351	1
352	`[1, 2, 3, 4, 5]`	352	1
353	`[1, 2, 3, 5]`	353	1
354	`[1, 2, 3, 4]`	354	1
355	`Error`	355	1
356	`{ constructor: ...}` `{ constructor: ...}`	356	1
357	`{}` `{ constructor: ...}`	357	1
358	`{ constructor: ...}` `{}`	358	1
359	`{ constructor: ...}` `undefined`	359	1
360	`name` `Lydia` and `age` `21`	360	1
361	`["name", "Lydia"]` and `["age", 21]`	361	1
362	`["name", "age"]` and `undefined`	362	1
363	`Error`	363	1
364	`["banana", "apple", "pear", "orange"]`	364	1
365	`[["banana", "apple"], "pear", "orange"]`	365	1
366	`["banana", "apple", ["pear"], "orange"]`	366	1
367	`SyntaxError`	367	1
368	`a is bigger`, `6` and `b is bigger`, `3`	368	1
369	`a is bigger`, `undefined` and `b is bigger`, `undefined`	369	1
370	`undefined` and `undefined`	370	1
371	`SyntaxError`	371	1
372	`"Lydia"`	372	1
373	`"Sarah"`	373	1
374	`Error: cannot redeclare Person`	374	1
375	`SyntaxError`	375	1
376	`{Symbol('a'): 'b'}` and `["{Symbol('a')"]`	376	1
377	`{}` and `[]`	377	1
378	`{ a: "b" }` and `["a"]`	378	1
379	`{Symbol('a'): 'b'}` and `[]`	379	1
380	`[1, [2, 3, 4]]` and `undefined`	380	1
381	`[1, [2, 3, 4]]` and `{ name: "Lydia", age: 21 }`	381	1
382	`[1, 2, 3, 4]` and `{ name: "Lydia", age: 21 }`	382	1
383	`Error` and `{ name: "Lydia", age: 21 }`	383	1
384	`SyntaxError`	384	1
385	`ReferenceError`	385	1
386	`TypeError`	386	1
387	`undefined`	387	1
388	`possible! You should see a therapist after so much JavaScript lol`	388	1
389	`Impossible! You should see a therapist after so much JavaScript lol`	389	1
390	`possible! You shouldn't see a therapist after so much JavaScript lol`	390	1
391	`Impossible! You shouldn't see a therapist after so much JavaScript lol`	391	1
392	`false` `null` `[]`	392	1
393	`null` `""` `true`	393	1
394	`{}` `""` `[]`	394	1
395	`null` `null` `true`	395	1
396	`I have resolved!`, `second` and `I have resolved!`, `second`	396	1
397	`second`, `I have resolved!` and `second`, `I have resolved!`	397	1
398	`I have resolved!`, `second` and `second`, `I have resolved!`	398	1
399	`second`, `I have resolved!` and `I have resolved!`, `second`	399	1
400	`3`, `NaN`, `NaN`	400	1
401	`3`, `7`, `NaN`	401	1
402	`3`, `Lydia2`, `[object Object]2`	402	1
403	`"12"`, `Lydia2`, `[object Object]2`	403	1
404	`5`	404	1
405	`Promise {<pending>: 5}`	405	1
406	`Promise {<fulfilled>: 5}`	406	1
407	`Error`	407	1
408	`Not the same!`	408	1
409	`They are the same!`	409	1
410	`ReferenceError`	410	1
411	`SyntaxError`	411	1
412	`true`	412	1
413	`false`	413	1
414	`undefined`	414	1
415	`TypeError`	415	1
416	`true`	416	1
417	`false`	417	1
418	`All of them`	418	1
419	`map` `reduce` `slice` `splice`	419	1
420	`map` `slice` `splice`	420	1
421	`splice`	421	1
422	`['🍕', '🍫', '🥑', '🍔']`	422	1
423	`['🍝', '🍫', '🥑', '🍔']`	423	1
424	`['🍝', '🍕', '🍫', '🥑', '🍔']`	424	1
425	`ReferenceError`	425	1
426	Parses JSON to a JavaScript value	426	1
427	Parses a JavaScript object to JSON	427	1
428	Parses any JavaScript value to JSON	428	1
429	Parses JSON to a JavaScript object only	429	1
430	Lydia	430	1
431	Sarah	431	1
432	`undefined`	432	1
433	`ReferenceError`	433	1
434	`a` and `a`	434	1
435	`a` and `undefined`	435	1
436	`['a', 'b', 'c']` and `a`	436	1
437	`a` and `['a', 'b', 'c']`	437	1
438	`I love to program`	438	1
439	`undefined to program`	439	1
440	`${(x => x)('I love') to program`	440	1
441	`TypeError`	441	1
442	The `setInterval` callback won't be invoked	442	1
443	The `setInterval` callback gets invoked once	443	1
444	The `setInterval` callback will still be called every second	444	1
445	We never invoked `config.alert()`, config is `null`	445	1
446	1	446	1
447	2	447	1
448	2 and 3	448	1
449	All of them	449	1
450	`{name: "Sarah", age: 22}`	450	1
451	`{name: "Sarah", age: 23}`	451	1
452	`{name: "Lydia", age: 22}`	452	1
453	`{name: "Lydia", age: 23}`	453	1
454	`sumValues([...1, 2, 3])`	454	1
455	`sumValues([...[1, 2, 3]])`	455	1
456	`sumValues(...[1, 2, 3])`	456	1
457	`sumValues([1, 2, 3])`	457	1
458	`🤠`	458	1
459	`🥰`	459	1
460	`SyntaxError`	460	1
461	`ReferenceError`	461	1
462	`undefined` `undefined` `undefined` `undefined`	462	1
463	`Mara` `undefined` `Lydia Hallie` `ReferenceError`	463	1
464	`Mara` `null` `Lydia Hallie` `null`	464	1
465	`null` `ReferenceError` `null` `ReferenceError`	465	1
466	We have to buy bananas!	466	1
467	We don't have to buy bananas	467	1
468	`undefined`	468	1
469	`1`	469	1
470	`function language(lang) { this.languages.push(lang }`	470	1
471	`0`	471	1
472	`[]`	472	1
473	`undefined`	473	1
474	`false` `true`	474	1
475	`true` `false`	475	1
476	`false` `false`	476	1
477	`true` `true`	477	1
478	`4` `5` `6`	478	1
479	`6` `5` `4`	479	1
480	`4` `function` `function`	480	1
481	`undefined` `undefined` `6`	481	1
482	`Promise {1}` `Promise {2}` `Promise {3}`	482	1
483	`Promise {<pending>}` `Promise {<pending>}` `Promise {<pending>}`	483	1
484	`1` `2` `3`	484	1
485	`undefined` `undefined` `undefined`	485	1
486	`1` `2` `3`	486	1
487	`{1: 1}` `{2: 2}` `{3: 3}`	487	1
488	`{ 1: undefined }` `undefined` `undefined`	488	1
489	`undefined` `undefined` `undefined`	489	1
490	The driver drove 130 and has to pay 300	490	1
491	The driver drove 130 mph and has to pay \\$300.00	491	1
492	The driver drove undefined and has to pay undefined	492	1
493	The driver drove 130.00 and has to pay 300.00	493	1
494	`["👻", "🎃", "🕸"]`	494	1
495	`["👻", "🎃", "🕸", "💀"]`	495	1
496	`["👻", "🎃", "🕸", { item: "💀" }]`	496	1
497	`["👻", "🎃", "🕸", "[object Object]"]`	497	1
498	`true` `false` `true` `false`	498	1
499	`true` `false` `false` `false`	499	1
500	`false` `false` `true` `false`	500	1
501	`false` `true` `false` `true`	501	1
502	`"number"`	502	1
503	`"string"`	503	1
504	`undefined`	504	1
505	`ReferenceError`	505	1
506	`Woah some cool data`	506	1
507	`Oh finally!`	507	1
508	`Woah some cool data` `Oh finally!`	508	1
509	`Oops didn't work` `Oh finally!`	509	1
510	`['🥑', ['✨', '✨', ['🍕', '🍕']]]`	510	1
511	`['🥑', '✨', '✨', ['🍕', '🍕']]`	511	1
512	`['🥑', ['✨', '✨', '🍕', '🍕']]`	512	1
513	`['🥑', '✨', '✨', '🍕', '🍕']`	513	1
514	`0`	514	1
515	`1`	515	1
516	`2`	516	1
517	`3`	517	1
518	`Promise! Last line! Promise! Last line! Last line! Promise!`	518	1
519	`Last line! Timeout! Promise! Last line! Timeout! Promise!`	519	1
520	`Promise! Last line! Last line! Promise! Timeout! Timeout!`	520	1
521	`Last line! Promise! Promise! Last line! Timeout! Timeout!`	521	1
522	`sum(4)`	522	1
523	`sum.sum(4)`	523	1
524	`sum.default(4)`	524	1
525	Default aren't imported with `*`, only named exports	525	1
526	`Added a new property!`	526	1
527	`Accessed a property!`	527	1
528	`Added a new property!` `Accessed a property!`	528	1
529	Nothing gets logged	529	1
530	`person.name = "Evan Bacon"`	530	1
531	`person.age = 21`	531	1
532	`delete person.name`	532	1
533	`Object.assign(person, { age: 21 })`	533	1
534	`person.name = "Evan Bacon"`	534	1
535	`delete person.address`	535	1
536	`person.address.street = "101 Main St"`	536	1
537	`person.pet = { name: "Mara" }`	537	1
538	`2` `4` and `3` `6`	538	1
539	`2` `NaN` and `3` `NaN`	539	1
540	`2` `Error` and `3` `6`	540	1
541	`2` `4` and `3` `Error`	541	1
542	`10`	542	1
543	`11`	543	1
544	`undefined`	544	1
545	`SyntaxError`	545	1
546	`yield getMembers(teams[i].members)`	546	1
547	`yield* getMembers(teams[i].members)`	547	1
548	`return getMembers(teams[i].members)`	548	1
549	`return yield getMembers(teams[i].members)`	549	1
550	`["coding"]`	550	1
551	`["coding", "dancing"]`	551	1
552	`["coding", "dancing", "baking"]`	552	1
553	`["coding", "running", "dancing", "baking"]`	553	1
554	`I'm pink. 🌸`	554	1
555	`I'm pink. 🌸` `I'm a bird. 🦢`	555	1
556	`I'm a bird. 🦢` `I'm pink. 🌸`	556	1
557	Nothing, we didn't call any method	557	1
558	1	558	1
559	1 and 2	559	1
560	3 and 4	560	1
561	3	561	1
562	Nothing, object are iterable by default	562	1
563	`*[Symbol.iterator]() { for (let x in this) yield* this[x] }`	563	1
564	`*[Symbol.iterator]() { yield* Object.values(this) }`	564	1
565	`*[Symbol.iterator]() { for (let x in this) yield this }`	565	1
566	1	566	1
567	2	567	1
568	3	568	1
569	4	569	1
570	`null`, `undefined`, 🍌	570	1
571	`[]`, `null`, 🍌	571	1
572	`[]`, `[]`, 🍌	572	1
573	`undefined`, `undefined`, 🍌	573	1
574	`0`	574	1
575	`1`	575	1
576	`undefined`	576	1
577	`ReferenceError`	577	1
578	`false`	578	1
579	`true`	579	1
580	`TypeError`	580	1
581	`ReferenceError`	581	1
582	`['🍌', '🍊', '🍎']`	582	1
583	`['🍊', '🍎']`	583	1
584	`['🍇', '🍊', '🍎']`	584	1
585	`['🍇', '🍌', '🍊', '🍎']`	585	1
586	`{ emoji: "🐶", name: "Mara" }`	586	1
587	`{ emoji: "🐈", name: "Sara" }`	587	1
588	`undefined`	588	1
589	`ReferenceError`	589	1
590	`my@email.com`	590	1
591	`new@email.com`	591	1
592	`undefined`	592	1
593	`ReferenceError`	593	1
594	`[['First', 'Second'], ['Fourth']]`	594	1
595	`[['First', 'Second'], ['Third', 'Fourth']]`	595	1
596	`[['First', 'Second']]`	596	1
597	`'Third'`	597	1
598	`entries`	598	1
599	`values`	599	1
600	`fromEntries`	600	1
601	`forEach`	601	1
602	`{ email: "my@email.com", address: null }`	602	1
603	`{ email: "my@email.com" }`	603	1
604	`{ email: "my@email.com", address: {} }`	604	1
605	`{ email: "my@email.com", address: undefined }`	605	1
606	`It's not a string!`	606	1
607	`Yay it's a string!`	607	1
608	`TypeError`	608	1
609	`undefined`	609	1
\.


--
-- Data for Name: answers; Type: TABLE DATA; Schema: public; Owner: postgres
--

COPY public.answers (id, question_answers) FROM stdin;
1	1
2	1
3	1
4	1
5	2
6	2
7	2
8	3
9	3
10	3
11	3
12	4
13	4
14	4
15	5
16	5
17	5
18	5
19	6
20	6
21	6
22	6
23	6
24	7
25	7
26	7
27	7
28	8
29	8
30	8
31	8
32	9
33	9
34	9
35	10
36	10
37	10
38	10
39	11
40	11
41	11
42	11
43	12
44	12
45	12
46	12
47	13
48	13
49	13
50	13
51	14
52	14
53	15
54	15
55	15
56	15
57	16
58	16
59	16
60	16
61	17
62	17
63	17
64	18
65	18
66	18
67	19
68	19
69	19
70	19
71	20
72	20
73	20
74	20
75	21
76	21
77	21
78	21
79	22
80	22
81	22
82	22
83	23
84	23
85	23
86	23
87	24
88	24
89	24
90	24
91	25
92	25
93	25
94	25
95	26
96	26
97	26
98	27
99	27
100	27
101	27
102	28
103	28
104	28
105	28
106	29
107	29
108	29
109	29
110	30
111	30
112	30
113	30
114	31
115	31
116	31
117	31
118	32
119	32
120	32
121	32
122	33
123	33
124	33
125	33
126	34
127	34
128	34
129	34
130	35
131	35
132	35
133	35
134	36
135	36
136	36
137	36
138	37
139	37
140	37
141	37
142	38
143	38
144	38
145	38
146	39
147	39
148	39
149	39
150	40
151	40
152	40
153	40
154	41
155	41
156	41
157	41
158	42
159	42
160	42
161	42
162	43
163	43
164	43
165	43
166	44
167	44
168	44
169	44
170	45
171	45
172	45
173	45
174	46
175	46
176	46
177	46
178	47
179	47
180	47
181	47
182	48
183	48
184	48
185	48
186	49
187	49
188	49
189	49
190	50
191	50
192	50
193	50
194	51
195	51
196	51
197	51
198	52
199	52
200	52
201	52
202	53
203	53
204	53
205	53
206	54
207	54
208	54
209	54
210	55
211	55
212	55
213	55
214	56
215	56
216	56
217	56
218	57
219	57
220	57
221	57
222	58
223	58
224	58
225	58
226	59
227	59
228	59
229	59
230	60
231	60
232	60
233	60
234	61
235	61
236	61
237	61
238	62
239	62
240	62
241	62
242	63
243	63
244	63
245	63
246	64
247	64
248	64
249	64
250	65
251	65
252	65
253	65
254	66
255	66
256	66
257	66
258	67
259	67
260	67
261	67
262	68
263	68
264	68
265	68
266	69
267	69
268	69
269	69
270	70
271	70
272	70
273	70
274	71
275	71
276	71
277	71
278	72
279	72
280	72
281	72
282	73
283	73
284	73
285	73
286	74
287	74
288	74
289	74
290	75
291	75
292	75
293	75
294	76
295	76
296	76
297	76
298	77
299	77
300	78
301	78
302	78
303	78
304	79
305	79
306	79
307	79
308	80
309	80
310	80
311	80
312	81
313	81
314	81
315	81
316	82
317	82
318	82
319	82
320	83
321	83
322	83
323	83
324	84
325	84
326	84
327	84
328	85
329	85
330	85
331	85
332	86
333	86
334	86
335	86
336	87
337	87
338	87
339	87
340	88
341	88
342	88
343	88
344	89
345	89
346	89
347	89
348	90
349	90
350	90
351	90
352	91
353	91
354	91
355	91
356	92
357	92
358	92
359	92
360	93
361	93
362	93
363	93
364	94
365	94
366	94
367	94
368	95
369	95
370	95
371	95
372	96
373	96
374	96
375	96
376	97
377	97
378	97
379	97
380	98
381	98
382	98
383	98
384	99
385	99
386	99
387	99
388	100
389	100
390	100
391	100
392	101
393	101
394	101
395	101
396	102
397	102
398	102
399	102
400	103
401	103
402	103
403	103
404	104
405	104
406	104
407	104
408	105
409	105
410	105
411	105
412	106
413	106
414	106
415	106
416	107
417	107
418	108
419	108
420	108
421	108
422	109
423	109
424	109
425	109
426	110
427	110
428	110
429	110
430	111
431	111
432	111
433	111
434	112
435	112
436	112
437	112
438	113
439	113
440	113
441	113
442	114
443	114
444	114
445	114
446	115
447	115
448	115
449	115
450	116
451	116
452	116
453	116
454	117
455	117
456	117
457	117
458	118
459	118
460	118
461	118
462	119
463	119
464	119
465	119
466	120
467	120
468	120
469	120
470	121
471	121
472	121
473	121
474	122
475	122
476	122
477	122
478	123
479	123
480	123
481	123
482	124
483	124
484	124
485	124
486	125
487	125
488	125
489	125
490	126
491	126
492	126
493	126
494	127
495	127
496	127
497	127
498	128
499	128
500	128
501	128
502	129
503	129
504	129
505	129
506	130
507	130
508	130
509	130
510	131
511	131
512	131
513	131
514	132
515	132
516	132
517	132
518	133
519	133
520	133
521	133
522	134
523	134
524	134
525	134
526	135
527	135
528	135
529	135
530	136
531	136
532	136
533	136
534	137
535	137
536	137
537	137
538	138
539	138
540	138
541	138
542	139
543	139
544	139
545	139
546	140
547	140
548	140
549	140
550	141
551	141
552	141
553	141
554	142
555	142
556	142
557	142
558	143
559	143
560	143
561	143
562	144
563	144
564	144
565	144
566	145
567	145
568	145
569	145
570	146
571	146
572	146
573	146
574	147
575	147
576	147
577	147
578	148
579	148
580	148
581	148
582	149
583	149
584	149
585	149
586	150
587	150
588	150
589	150
590	151
591	151
592	151
593	151
594	152
595	152
596	152
597	152
598	153
599	153
600	153
601	153
602	154
603	154
604	154
605	154
606	155
607	155
608	155
609	155
\.


--
-- Data for Name: i18ns; Type: TABLE DATA; Schema: public; Owner: postgres
--

COPY public.i18ns (id, code, language) FROM stdin;
1	en_US	English
\.


--
-- Data for Name: question_langs; Type: TABLE DATA; Schema: public; Owner: postgres
--

COPY public.question_langs (id, title, body, explanation, i18n_question_langs, question_langs) FROM stdin;
1	What's the output?	```javascript\nfunction sayHi() {\n  console.log(name);\n  console.log(age);\n  var name = 'Lydia';\n  let age = 21;\n}\n\nsayHi();\n```	\nWithin the function, we first declare the `name` variable with the `var` keyword. This means that the variable gets hoisted (memory space is set up during the creation phase) with the default value of `undefined`, until we actually get to the line where we define the variable. We haven't defined the variable yet on the line where we try to log the `name` variable, so it still holds the value of `undefined`.\n\nVariables with the `let` keyword (and `const`) are hoisted, but unlike `var`, don't get <i>initialized</i>. They are not accessible before the line we declare (initialize) them. This is called the "temporal dead zone". When we try to access the variables before they are declared, JavaScript throws a `ReferenceError`.\n\n	1	1
2	What's the output?	```javascript\nfor (var i = 0; i < 3; i++) {\n  setTimeout(() => console.log(i), 1);\n}\n\nfor (let i = 0; i < 3; i++) {\n  setTimeout(() => console.log(i), 1);\n}\n```	\nBecause of the event queue in JavaScript, the `setTimeout` callback function is called _after_ the loop has been executed. Since the variable `i` in the first loop was declared using the `var` keyword, this value was global. During the loop, we incremented the value of `i` by `1` each time, using the unary operator `++`. By the time the `setTimeout` callback function was invoked, `i` was equal to `3` in the first example.\n\nIn the second loop, the variable `i` was declared using the `let` keyword: variables declared with the `let` (and `const`) keyword are block-scoped (a block is anything between `{ }`). During each iteration, `i` will have a new value, and each value is scoped inside the loop.\n\n	1	2
3	What's the output?	```javascript\nconst shape = {\n  radius: 10,\n  diameter() {\n    return this.radius * 2;\n  },\n  perimeter: () => 2 * Math.PI * this.radius,\n};\n\nconsole.log(shape.diameter());\nconsole.log(shape.perimeter());\n```	\nNote that the value of `diameter` is a regular function, whereas the value of `perimeter` is an arrow function.\n\nWith arrow functions, the `this` keyword refers to its current surrounding scope, unlike regular functions! This means that when we call `perimeter`, it doesn't refer to the shape object, but to its surrounding scope (window for example).\n\nThere is no value `radius` on that object, which returns `NaN`.\n\n	1	3
4	What's the output?	```javascript\n+true;\n!'Lydia';\n```	\nThe unary plus tries to convert an operand to a number. `true` is `1`, and `false` is `0`.\n\nThe string `'Lydia'` is a truthy value. What we're actually asking, is "is this truthy value falsy?". This returns `false`.\n\n	1	4
5	Which one is true?	```javascript\nconst bird = {\n  size: 'small',\n};\n\nconst mouse = {\n  name: 'Mickey',\n  small: true,\n};\n```	\nIn JavaScript, all object keys are strings (unless it's a Symbol). Even though we might not _type_ them as strings, they are always converted into strings under the hood.\n\nJavaScript interprets (or unboxes) statements. When we use bracket notation, it sees the first opening bracket `[` and keeps going until it finds the closing bracket `]`. Only then, it will evaluate the statement.\n\n`mouse[bird.size]`: First it evaluates `bird.size`, which is `"small"`. `mouse["small"]` returns `true`\n\nHowever, with dot notation, this doesn't happen. `mouse` does not have a key called `bird`, which means that `mouse.bird` is `undefined`. Then, we ask for the `size` using dot notation: `mouse.bird.size`. Since `mouse.bird` is `undefined`, we're actually asking `undefined.size`. This isn't valid, and will throw an error similar to `Cannot read property "size" of undefined`.\n\n	1	5
6	What's the output?	```javascript\nlet c = { greeting: 'Hey!' };\nlet d;\n\nd = c;\nc.greeting = 'Hello';\nconsole.log(d.greeting);\n```	\nIn JavaScript, all objects interact by _reference_ when setting them equal to each other.\n\nFirst, variable `c` holds a value to an object. Later, we assign `d` with the same reference that `c` has to the object.\n\n<img src="https://i.imgur.com/ko5k0fs.png" width="200">\n\nWhen you change one object, you change all of them.\n\n	1	6
7	What's the output?	```javascript\nlet a = 3;\nlet b = new Number(3);\nlet c = 3;\n\nconsole.log(a == b);\nconsole.log(a === b);\nconsole.log(b === c);\n```	\n`new Number()` is a built-in function constructor. Although it looks like a number, it's not really a number: it has a bunch of extra features and is an object.\n\nWhen we use the `==` operator, it only checks whether it has the same _value_. They both have the value of `3`, so it returns `true`.\n\nHowever, when we use the `===` operator, both value _and_ type should be the same. It's not: `new Number()` is not a number, it's an **object**. Both return `false.`\n\n	1	7
8	What's the output?	```javascript\nclass Chameleon {\n  static colorChange(newColor) {\n    this.newColor = newColor;\n    return this.newColor;\n  }\n\n  constructor({ newColor = 'green' } = {}) {\n    this.newColor = newColor;\n  }\n}\n\nconst freddie = new Chameleon({ newColor: 'purple' });\nconsole.log(freddie.colorChange('orange'));\n```	\nThe `colorChange` function is static. Static methods are designed to live only on the constructor in which they are created, and cannot be passed down to any children. Since `freddie` is a child, the function is not passed down, and not available on the `freddie` instance: a `TypeError` is thrown.\n\n	1	8
9	What's the output?	```javascript\nlet greeting;\ngreetign = {}; // Typo!\nconsole.log(greetign);\n```	\nIt logs the object, because we just created an empty object on the global object! When we mistyped `greeting` as `greetign`, the JS interpreter actually saw this as `global.greetign = {}` (or `window.greetign = {}` in a browser).\n\nIn order to avoid this, we can use `"use strict"`. This makes sure that you have declared a variable before setting it equal to anything.\n\n	1	9
10	What happens when we do this?	```javascript\nfunction bark() {\n  console.log('Woof!');\n}\n\nbark.animal = 'dog';\n```	\nThis is possible in JavaScript, because functions are objects! (Everything besides primitive types are objects)\n\nA function is a special type of object. The code you write yourself isn't the actual function. The function is an object with properties. This property is invocable.\n\n	1	10
11	What's the output?	```javascript\nfunction Person(firstName, lastName) {\n  this.firstName = firstName;\n  this.lastName = lastName;\n}\n\nconst member = new Person('Lydia', 'Hallie');\nPerson.getFullName = function() {\n  return `${this.firstName} ${this.lastName}`;\n};\n\nconsole.log(member.getFullName());\n```	\nIn JavaScript, functions are objects, and therefore, the method `getFullName` gets added to the constructor function object itself. For that reason, we can call `Person.getFullName()`, but `member.getFullName` throws a `TypeError`. \n\nIf you want a method to be available to all object instances, you have to add it to the prototype property:\n\n```js\nPerson.prototype.getFullName = function() {\n  return `${this.firstName} ${this.lastName}`;\n};\n```\n\n	1	11
53	What's the output?	```javascript\nfunction Car() {\n  this.make = 'Lamborghini';\n  return { make: 'Maserati' };\n}\n\nconst myCar = new Car();\nconsole.log(myCar.make);\n```	\nWhen you return a property, the value of the property is equal to the _returned_ value, not the value set in the constructor function. We return the string `"Maserati"`, so `myCar.make` is equal to `"Maserati"`.\n\n	1	53
12	What's the output?	```javascript\nfunction Person(firstName, lastName) {\n  this.firstName = firstName;\n  this.lastName = lastName;\n}\n\nconst lydia = new Person('Lydia', 'Hallie');\nconst sarah = Person('Sarah', 'Smith');\n\nconsole.log(lydia);\nconsole.log(sarah);\n```	\nFor `sarah`, we didn't use the `new` keyword. When using `new`, `this` refers to the new empty object we create. However, if you don't add `new`, `this` refers to the **global object**!\n\nWe said that `this.firstName` equals `"Sarah"` and `this.lastName` equals `"Smith"`. What we actually did, is defining `global.firstName = 'Sarah'` and `global.lastName = 'Smith'`. `sarah` itself is left `undefined`, since we don't return a value from the `Person` function.\n\n	1	12
13	What are the three phases of event propagation?		\nDuring the **capturing** phase, the event goes through the ancestor elements down to the target element. It then reaches the **target** element, and **bubbling** begins.\n\n<img src="https://i.imgur.com/N18oRgd.png" width="200">\n\n	1	13
14	All object have prototypes.		\nAll objects have prototypes, except for the **base object**. The base object is the object created by the user, or an object that is created using the `new` keyword. The base object has access to some methods and properties, such as `.toString`. This is the reason why you can use built-in JavaScript methods! All of such methods are available on the prototype. Although JavaScript can't find it directly on your object, it goes down the prototype chain and finds it there, which makes it accessible for you.\n\n	1	14
15	What's the output?	```javascript\nfunction sum(a, b) {\n  return a + b;\n}\n\nsum(1, '2');\n```	\nJavaScript is a **dynamically typed language**: we don't specify what types certain variables are. Values can automatically be converted into another type without you knowing, which is called _implicit type coercion_. **Coercion** is converting from one type into another.\n\nIn this example, JavaScript converts the number `1` into a string, in order for the function to make sense and return a value. During the addition of a numeric type (`1`) and a string type (`'2'`), the number is treated as a string. We can concatenate strings like `"Hello" + "World"`, so what's happening here is `"1" + "2"` which returns `"12"`.\n\n	1	15
16	What's the output?	```javascript\nlet number = 0;\nconsole.log(number++);\nconsole.log(++number);\nconsole.log(number);\n```	\nThe **postfix** unary operator `++`:\n\n1. Returns the value (this returns `0`)\n2. Increments the value (number is now `1`)\n\nThe **prefix** unary operator `++`:\n\n1. Increments the value (number is now `2`)\n2. Returns the value (this returns `2`)\n\nThis returns `0 2 2`.\n\n	1	16
17	What's the output?	```javascript\nfunction getPersonInfo(one, two, three) {\n  console.log(one);\n  console.log(two);\n  console.log(three);\n}\n\nconst person = 'Lydia';\nconst age = 21;\n\ngetPersonInfo`${person} is ${age} years old`;\n```	\nIf you use tagged template literals, the value of the first argument is always an array of the string values. The remaining arguments get the values of the passed expressions!\n\n	1	17
18	What's the output?	```javascript\nfunction checkAge(data) {\n  if (data === { age: 18 }) {\n    console.log('You are an adult!');\n  } else if (data == { age: 18 }) {\n    console.log('You are still an adult.');\n  } else {\n    console.log(`Hmm.. You don't have an age I guess`);\n  }\n}\n\ncheckAge({ age: 18 });\n```	\nWhen testing equality, primitives are compared by their _value_, while objects are compared by their _reference_. JavaScript checks if the objects have a reference to the same location in memory.\n\nThe two objects that we are comparing don't have that: the object we passed as a parameter refers to a different location in memory than the object we used in order to check equality.\n\nThis is why both `{ age: 18 } === { age: 18 }` and `{ age: 18 } == { age: 18 }` return `false`.\n\n	1	18
19	What's the output?	```javascript\nfunction getAge(...args) {\n  console.log(typeof args);\n}\n\ngetAge(21);\n```	\nThe rest parameter (`...args`) lets us "collect" all remaining arguments into an array. An array is an object, so `typeof args` returns `"object"`\n\n	1	19
20	What's the output?	```javascript\nfunction getAge() {\n  'use strict';\n  age = 21;\n  console.log(age);\n}\n\ngetAge();\n```	\nWith `"use strict"`, you can make sure that you don't accidentally declare global variables. We never declared the variable `age`, and since we use `"use strict"`, it will throw a reference error. If we didn't use `"use strict"`, it would have worked, since the property `age` would have gotten added to the global object.\n\n	1	20
21	What's the value of `sum`?	```javascript\nconst sum = eval('10*10+5');\n```	\n`eval` evaluates codes that's passed as a string. If it's an expression, like in this case, it evaluates the expression. The expression is `10 * 10 + 5`. This returns the number `105`.\n\n	1	21
22	How long is cool_secret accessible?	```javascript\nsessionStorage.setItem('cool_secret', 123);\n```	\nThe data stored in `sessionStorage` is removed after closing the _tab_.\n\nIf you used `localStorage`, the data would've been there forever, unless for example `localStorage.clear()` is invoked.\n\n	1	22
23	What's the output?	```javascript\nvar num = 8;\nvar num = 10;\n\nconsole.log(num);\n```	\nWith the `var` keyword, you can declare multiple variables with the same name. The variable will then hold the latest value.\n\nYou cannot do this with `let` or `const` since they're block-scoped.\n\n	1	23
24	What's the output?	```javascript\nconst obj = { 1: 'a', 2: 'b', 3: 'c' };\nconst set = new Set([1, 2, 3, 4, 5]);\n\nobj.hasOwnProperty('1');\nobj.hasOwnProperty(1);\nset.has('1');\nset.has(1);\n```	\nAll object keys (excluding Symbols) are strings under the hood, even if you don't type it yourself as a string. This is why `obj.hasOwnProperty('1')` also returns true.\n\nIt doesn't work that way for a set. There is no `'1'` in our set: `set.has('1')` returns `false`. It has the numeric type `1`, `set.has(1)` returns `true`.\n\n	1	24
25	What's the output?	```javascript\nconst obj = { a: 'one', b: 'two', a: 'three' };\nconsole.log(obj);\n```	\nIf you have two keys with the same name, the key will be replaced. It will still be in its first position, but with the last specified value.\n\n	1	25
26	The JavaScript global execution context creates two things for you: the global object, and the "this" keyword.		\nThe base execution context is the global execution context: it's what's accessible everywhere in your code.\n\n	1	26
27	What's the output?	```javascript\nfor (let i = 1; i < 5; i++) {\n  if (i === 3) continue;\n  console.log(i);\n}\n```	\nThe `continue` statement skips an iteration if a certain condition returns `true`.\n\n	1	27
28	What's the output?	```javascript\nString.prototype.giveLydiaPizza = () => {\n  return 'Just give Lydia pizza already!';\n};\n\nconst name = 'Lydia';\n\nname.giveLydiaPizza();\n```	\n`String` is a built-in constructor, which we can add properties to. I just added a method to its prototype. Primitive strings are automatically converted into a string object, generated by the string prototype function. So, all strings (string objects) have access to that method!\n\n	1	28
29	What's the output?	```javascript\nconst a = {};\nconst b = { key: 'b' };\nconst c = { key: 'c' };\n\na[b] = 123;\na[c] = 456;\n\nconsole.log(a[b]);\n```	\nObject keys are automatically converted into strings. We are trying to set an object as a key to object `a`, with the value of `123`.\n\nHowever, when we stringify an object, it becomes `"[object Object]"`. So what we are saying here, is that `a["[object Object]"] = 123`. Then, we can try to do the same again. `c` is another object that we are implicitly stringifying. So then, `a["[object Object]"] = 456`.\n\nThen, we log `a[b]`, which is actually `a["[object Object]"]`. We just set that to `456`, so it returns `456`.\n\n	1	29
30	What's the output?	```javascript\nconst foo = () => console.log('First');\nconst bar = () => setTimeout(() => console.log('Second'));\nconst baz = () => console.log('Third');\n\nbar();\nfoo();\nbaz();\n```	\nWe have a `setTimeout` function and invoked it first. Yet, it was logged last.\n\nThis is because in browsers, we don't just have the runtime engine, we also have something called a `WebAPI`. The `WebAPI` gives us the `setTimeout` function to start with, and for example the DOM.\n\nAfter the _callback_ is pushed to the WebAPI, the `setTimeout` function itself (but not the callback!) is popped off the stack.\n\n<img src="https://i.imgur.com/X5wsHOg.png" width="200">\n\nNow, `foo` gets invoked, and `"First"` is being logged.\n\n<img src="https://i.imgur.com/Pvc0dGq.png" width="200">\n\n`foo` is popped off the stack, and `baz` gets invoked. `"Third"` gets logged.\n\n<img src="https://i.imgur.com/WhA2bCP.png" width="200">\n\nThe WebAPI can't just add stuff to the stack whenever it's ready. Instead, it pushes the callback function to something called the _queue_.\n\n<img src="https://i.imgur.com/NSnDZmU.png" width="200">\n\nThis is where an event loop starts to work. An **event loop** looks at the stack and task queue. If the stack is empty, it takes the first thing on the queue and pushes it onto the stack.\n\n<img src="https://i.imgur.com/uyiScAI.png" width="200">\n\n`bar` gets invoked, `"Second"` gets logged, and it's popped off the stack.\n\n	1	30
31	What is the event.target when clicking the button?		\nThe deepest nested element that caused the event is the target of the event. You can stop bubbling by `event.stopPropagation`\n\n	1	31
32	When you click the paragraph, what's the logged output?		\nIf we click `p`, we see two logs: `p` and `div`. During event propagation, there are 3 phases: capturing, target, and bubbling. By default, event handlers are executed in the bubbling phase (unless you set `useCapture` to `true`). It goes from the deepest nested element outwards.\n\n	1	32
33	What's the output?	```javascript\nconst person = { name: 'Lydia' };\n\nfunction sayHi(age) {\n  return `${this.name} is ${age}`;\n}\n\nconsole.log(sayHi.call(person, 21));\nconsole.log(sayHi.bind(person, 21));\n```	\nWith both, we can pass the object to which we want the `this` keyword to refer to. However, `.call` is also _executed immediately_!\n\n`.bind.` returns a _copy_ of the function, but with a bound context! It is not executed immediately.\n\n	1	33
34	What's the output?	```javascript\nfunction sayHi() {\n  return (() => 0)();\n}\n\nconsole.log(typeof sayHi());\n```	\nThe `sayHi` function returns the returned value of the immediately invoked function expression (IIFE). This function returned `0`, which is type `"number"`.\n\nFYI: there are only 7 built-in types: `null`, `undefined`, `boolean`, `number`, `string`, `object`, and `symbol`. `"function"` is not a type, since functions are objects, it's of type `"object"`.\n\n	1	34
35	Which of these values are falsy?	```javascript\n0;\nnew Number(0);\n('');\n(' ');\nnew Boolean(false);\nundefined;\n```	\nThere are 8 falsy values:\n\n- `undefined`\n- `null`\n- `NaN`\n- `false`\n- `''` (empty string)\n- `0`\n- `-0`\n- `0n` (BigInt(0))\n\nFunction constructors, like `new Number` and `new Boolean` are truthy.\n\n	1	35
36	What's the output?	```javascript\nconsole.log(typeof typeof 1);\n```	\n`typeof 1` returns `"number"`.\n`typeof "number"` returns `"string"`\n\n	1	36
37	What's the output?	```javascript\nconst numbers = [1, 2, 3];\nnumbers[10] = 11;\nconsole.log(numbers);\n```	\nWhen you set a value to an element in an array that exceeds the length of the array, JavaScript creates something called "empty slots". These actually have the value of `undefined`, but you will see something like:\n\n`[1, 2, 3, 7 x empty, 11]`\n\ndepending on where you run it (it's different for every browser, node, etc.)\n\n	1	37
38	What's the output?	```javascript\n(() => {\n  let x, y;\n  try {\n    throw new Error();\n  } catch (x) {\n    (x = 1), (y = 2);\n    console.log(x);\n  }\n  console.log(x);\n  console.log(y);\n})();\n```	\nThe `catch` block receives the argument `x`. This is not the same `x` as the variable when we pass arguments. This variable `x` is block-scoped.\n\nLater, we set this block-scoped variable equal to `1`, and set the value of the variable `y`. Now, we log the block-scoped variable `x`, which is equal to `1`.\n\nOutside of the `catch` block, `x` is still `undefined`, and `y` is `2`. When we want to `console.log(x)` outside of the `catch` block, it returns `undefined`, and `y` returns `2`.\n\n	1	38
39	Everything in JavaScript is either a...		\nJavaScript only has primitive types and objects.\n\nPrimitive types are `boolean`, `null`, `undefined`, `bigint`, `number`, `string`, and `symbol`.\n\nWhat differentiates a primitive from an object is that primitives do not have any properties or methods; however, you'll note that `'foo'.toUpperCase()` evaluates to `'FOO'` and does not result in a `TypeError`. This is because when you try to access a property or method on a primitive like a string, JavaScript will implicitly wrap the primitive type using one of the wrapper classes, i.e. `String`, and then immediately discard the wrapper after the expression evaluates. All primitives except for `null` and `undefined` exhibit this behaviour.\n\n	1	39
40	What's the output?	```javascript\n[[0, 1], [2, 3]].reduce(\n  (acc, cur) => {\n    return acc.concat(cur);\n  },\n  [1, 2],\n);\n```	\n`[1, 2]` is our initial value. This is the value we start with, and the value of the very first `acc`. During the first round, `acc` is `[1,2]`, and `cur` is `[0, 1]`. We concatenate them, which results in `[1, 2, 0, 1]`.\n\nThen, `[1, 2, 0, 1]` is `acc` and `[2, 3]` is `cur`. We concatenate them, and get `[1, 2, 0, 1, 2, 3]`\n\n	1	40
41	What's the output?	```javascript\n!!null;\n!!'';\n!!1;\n```	\n`null` is falsy. `!null` returns `true`. `!true` returns `false`.\n\n`""` is falsy. `!""` returns `true`. `!true` returns `false`.\n\n`1` is truthy. `!1` returns `false`. `!false` returns `true`.\n\n	1	41
42	What does the `setInterval` method return in the browser?	```javascript\nsetInterval(() => console.log('Hi'), 1000);\n```	\nIt returns a unique id. This id can be used to clear that interval with the `clearInterval()` function.\n\n	1	42
43	What does this return?	```javascript\n[...'Lydia'];\n```	\nA string is an iterable. The spread operator maps every character of an iterable to one element.\n\n	1	43
44	What's the output?	```javascript\nfunction* generator(i) {\n  yield i;\n  yield i * 2;\n}\n\nconst gen = generator(10);\n\nconsole.log(gen.next().value);\nconsole.log(gen.next().value);\n```	\nRegular functions cannot be stopped mid-way after invocation. However, a generator function can be "stopped" midway, and later continue from where it stopped. Every time a generator function encounters a `yield` keyword, the function yields the value specified after it. Note that the generator function in that case doesn’t _return_ the value, it _yields_ the value.\n\nFirst, we initialize the generator function with `i` equal to `10`. We invoke the generator function using the `next()` method. The first time we invoke the generator function, `i` is equal to `10`. It encounters the first `yield` keyword: it yields the value of `i`. The generator is now "paused", and `10` gets logged.\n\nThen, we invoke the function again with the `next()` method. It starts to continue where it stopped previously, still with `i` equal to `10`. Now, it encounters the next `yield` keyword, and yields `i * 2`. `i` is equal to `10`, so it returns `10 * 2`, which is `20`. This results in `10, 20`.\n\n	1	44
45	What does this return?	```javascript\nconst firstPromise = new Promise((res, rej) => {\n  setTimeout(res, 500, 'one');\n});\n\nconst secondPromise = new Promise((res, rej) => {\n  setTimeout(res, 100, 'two');\n});\n\nPromise.race([firstPromise, secondPromise]).then(res => console.log(res));\n```	\nWhen we pass multiple promises to the `Promise.race` method, it resolves/rejects the _first_ promise that resolves/rejects. To the `setTimeout` method, we pass a timer: 500ms for the first promise (`firstPromise`), and 100ms for the second promise (`secondPromise`). This means that the `secondPromise` resolves first with the value of `'two'`. `res` now holds the value of `'two'`, which gets logged.\n\n	1	45
46	What's the output?	```javascript\nlet person = { name: 'Lydia' };\nconst members = [person];\nperson = null;\n\nconsole.log(members);\n```	\nFirst, we declare a variable `person` with the value of an object that has a `name` property.\n\n<img src="https://i.imgur.com/TML1MbS.png" width="200">\n\nThen, we declare a variable called `members`. We set the first element of that array equal to the value of the `person` variable. Objects interact by _reference_ when setting them equal to each other. When you assign a reference from one variable to another, you make a _copy_ of that reference. (note that they don't have the _same_ reference!)\n\n<img src="https://i.imgur.com/FSG5K3F.png" width="300">\n\nThen, we set the variable `person` equal to `null`.\n\n<img src="https://i.imgur.com/sYjcsMT.png" width="300">\n\nWe are only modifying the value of the `person` variable, and not the first element in the array, since that element has a different (copied) reference to the object. The first element in `members` still holds its reference to the original object. When we log the `members` array, the first element still holds the value of the object, which gets logged.\n\n	1	46
47	What's the output?	```javascript\nconst person = {\n  name: 'Lydia',\n  age: 21,\n};\n\nfor (const item in person) {\n  console.log(item);\n}\n```	\nWith a `for-in` loop, we can iterate through object keys, in this case `name` and `age`. Under the hood, object keys are strings (if they're not a Symbol). On every loop, we set the value of `item` equal to the current key it’s iterating over. First, `item` is equal to `name`, and gets logged. Then, `item` is equal to `age`, which gets logged.\n\n	1	47
48	What's the output?	```javascript\nconsole.log(3 + 4 + '5');\n```	\nOperator associativity is the order in which the compiler evaluates the expressions, either left-to-right or right-to-left. This only happens if all operators have the _same_ precedence. We only have one type of operator: `+`. For addition, the associativity is left-to-right.\n\n`3 + 4` gets evaluated first. This results in the number `7`.\n\n`7 + '5'` results in `"75"` because of coercion. JavaScript converts the number `7` into a string, see question 15. We can concatenate two strings using the `+`operator. `"7" + "5"` results in `"75"`.\n\n	1	48
49	What's the value of `num`?	```javascript\nconst num = parseInt('7*6', 10);\n```	\nOnly the first numbers in the string is returned. Based on the _radix_ (the second argument in order to specify what type of number we want to parse it to: base 10, hexadecimal, octal, binary, etc.), the `parseInt` checks whether the characters in the string are valid. Once it encounters a character that isn't a valid number in the radix, it stops parsing and ignores the following characters.\n\n`*` is not a valid number. It only parses `"7"` into the decimal `7`. `num` now holds the value of `7`.\n\n	1	49
50	What's the output?	```javascript\n[1, 2, 3].map(num => {\n  if (typeof num === 'number') return;\n  return num * 2;\n});\n```	\nWhen mapping over the array, the value of `num` is equal to the element it’s currently looping over. In this case, the elements are numbers, so the condition of the if statement `typeof num === "number"` returns `true`. The map function creates a new array and inserts the values returned from the function.\n\nHowever, we don’t return a value. When we don’t return a value from the function, the function returns `undefined`. For every element in the array, the function block gets called, so for each element we return `undefined`.\n\n	1	50
51	What's the output?	```javascript\nfunction getInfo(member, year) {\n  member.name = 'Lydia';\n  year = '1998';\n}\n\nconst person = { name: 'Sarah' };\nconst birthYear = '1997';\n\ngetInfo(person, birthYear);\n\nconsole.log(person, birthYear);\n```	\nArguments are passed by _value_, unless their value is an object, then they're passed by _reference_. `birthYear` is passed by value, since it's a string, not an object. When we pass arguments by value, a _copy_ of that value is created (see question 46).\n\nThe variable `birthYear` has a reference to the value `"1997"`. The argument `year` also has a reference to the value `"1997"`, but it's not the same value as `birthYear` has a reference to. When we update the value of `year` by setting `year` equal to `"1998"`, we are only updating the value of `year`. `birthYear` is still equal to `"1997"`.\n\nThe value of `person` is an object. The argument `member` has a (copied) reference to the _same_ object. When we modify a property of the object `member` has a reference to, the value of `person` will also be modified, since they both have a reference to the same object. `person`'s `name` property is now equal to the value `"Lydia"`\n\n	1	51
52	What's the output?	```javascript\nfunction greeting() {\n  throw 'Hello world!';\n}\n\nfunction sayHi() {\n  try {\n    const data = greeting();\n    console.log('It worked!', data);\n  } catch (e) {\n    console.log('Oh no an error:', e);\n  }\n}\n\nsayHi();\n```	\nWith the `throw` statement, we can create custom errors. With this statement, you can throw exceptions. An exception can be a <b>string</b>, a <b>number</b>, a <b>boolean</b> or an <b>object</b>. In this case, our exception is the string `'Hello world!'`.\n\nWith the `catch` statement, we can specify what to do if an exception is thrown in the `try` block. An exception is thrown: the string `'Hello world!'`. `e` is now equal to that string, which we log. This results in `'Oh an error: Hello world!'`.\n\n	1	52
54	What's the output?	```javascript\n(() => {\n  let x = (y = 10);\n})();\n\nconsole.log(typeof x);\nconsole.log(typeof y);\n```	\n`let x = (y = 10);` is actually shorthand for:\n\n```javascript\ny = 10;\nlet x = y;\n```\n\nWhen we set `y` equal to `10`, we actually add a property `y` to the global object (`window` in browser, `global` in Node). In a browser, `window.y` is now equal to `10`.\n\nThen, we declare a variable `x` with the value of `y`, which is `10`. Variables declared with the `let` keyword are _block scoped_, they are only defined within the block they're declared in; the immediately invoked function expression (IIFE) in this case. When we use the `typeof` operator, the operand `x` is not defined: we are trying to access `x` outside of the block it's declared in. This means that `x` is not defined. Values who haven't been assigned a value or declared are of type `"undefined"`. `console.log(typeof x)` returns `"undefined"`.\n\nHowever, we created a global variable `y` when setting `y` equal to `10`. This value is accessible anywhere in our code. `y` is defined, and holds a value of type `"number"`. `console.log(typeof y)` returns `"number"`.\n\n	1	54
55	What's the output?	```javascript\nclass Dog {\n  constructor(name) {\n    this.name = name;\n  }\n}\n\nDog.prototype.bark = function() {\n  console.log(`Woof I am ${this.name}`);\n};\n\nconst pet = new Dog('Mara');\n\npet.bark();\n\ndelete Dog.prototype.bark;\n\npet.bark();\n```	\nWe can delete properties from objects using the `delete` keyword, also on the prototype. By deleting a property on the prototype, it is not available anymore in the prototype chain. In this case, the `bark` function is not available anymore on the prototype after `delete Dog.prototype.bark`, yet we still try to access it.\n\nWhen we try to invoke something that is not a function, a `TypeError` is thrown. In this case `TypeError: pet.bark is not a function`, since `pet.bark` is `undefined`.\n\n	1	55
56	What's the output?	```javascript\nconst set = new Set([1, 1, 2, 3, 4]);\n\nconsole.log(set);\n```	\nThe `Set` object is a collection of _unique_ values: a value can only occur once in a set.\n\nWe passed the iterable `[1, 1, 2, 3, 4]` with a duplicate value `1`. Since we cannot have two of the same values in a set, one of them is removed. This results in `{1, 2, 3, 4}`.\n\n	1	56
57	What's the output?	```javascript\n// counter.js\nlet counter = 10;\nexport default counter;\n```	\nAn imported module is _read-only_: you cannot modify the imported module. Only the module that exports them can change its value.\n\nWhen we try to increment the value of `myCounter`, it throws an error: `myCounter` is read-only and cannot be modified.\n\n	1	57
58	What's the output?	```javascript\nconst name = 'Lydia';\nage = 21;\n\nconsole.log(delete name);\nconsole.log(delete age);\n```	\nThe `delete` operator returns a boolean value: `true` on a successful deletion, else it'll return `false`. However, variables declared with the `var`, `const` or `let` keyword cannot be deleted using the `delete` operator.\n\nThe `name` variable was declared with a `const` keyword, so its deletion is not successful: `false` is returned. When we set `age` equal to `21`, we actually added a property called `age` to the global object. You can successfully delete properties from objects this way, also the global object, so `delete age` returns `true`.\n\n	1	58
59	What's the output?	```javascript\nconst numbers = [1, 2, 3, 4, 5];\nconst [y] = numbers;\n\nconsole.log(y);\n```	\nWe can unpack values from arrays or properties from objects through destructuring. For example:\n\n```javascript\n[a, b] = [1, 2];\n```\n\n<img src="https://i.imgur.com/ADFpVop.png" width="200">\n\nThe value of `a` is now `1`, and the value of `b` is now `2`. What we actually did in the question, is:\n\n```javascript\n[y] = [1, 2, 3, 4, 5];\n```\n\n<img src="https://i.imgur.com/NzGkMNk.png" width="200">\n\nThis means that the value of `y` is equal to the first value in the array, which is the number `1`. When we log `y`, `1` is returned.\n\n	1	59
60	What's the output?	```javascript\nconst user = { name: 'Lydia', age: 21 };\nconst admin = { admin: true, ...user };\n\nconsole.log(admin);\n```	\nIt's possible to combine objects using the spread operator `...`. It lets you create copies of the key/value pairs of one object, and add them to another object. In this case, we create copies of the `user` object, and add them to the `admin` object. The `admin` object now contains the copied key/value pairs, which results in `{ admin: true, name: "Lydia", age: 21 }`.\n\n	1	60
61	What's the output?	```javascript\nconst person = { name: 'Lydia' };\n\nObject.defineProperty(person, 'age', { value: 21 });\n\nconsole.log(person);\nconsole.log(Object.keys(person));\n```	\nWith the `defineProperty` method, we can add new properties to an object, or modify existing ones. When we add a property to an object using the `defineProperty` method, they are by default _not enumerable_. The `Object.keys` method returns all _enumerable_ property names from an object, in this case only `"name"`.\n\nProperties added using the `defineProperty` method are immutable by default. You can override this behavior using the `writable`, `configurable` and `enumerable` properties. This way, the `defineProperty` method gives you a lot more control over the properties you're adding to an object.\n\n	1	61
62	What's the output?	```javascript\nconst settings = {\n  username: 'lydiahallie',\n  level: 19,\n  health: 90,\n};\n\nconst data = JSON.stringify(settings, ['level', 'health']);\nconsole.log(data);\n```	\nThe second argument of `JSON.stringify` is the _replacer_. The replacer can either be a function or an array, and lets you control what and how the values should be stringified.\n\nIf the replacer is an _array_, only the property names included in the array will be added to the JSON string. In this case, only the properties with the names `"level"` and `"health"` are included, `"username"` is excluded. `data` is now equal to `"{"level":19, "health":90}"`.\n\nIf the replacer is a _function_, this function gets called on every property in the object you're stringifying. The value returned from this function will be the value of the property when it's added to the JSON string. If the value is `undefined`, this property is excluded from the JSON string.\n\n	1	62
63	What's the output?	```javascript\nlet num = 10;\n\nconst increaseNumber = () => num++;\nconst increasePassedNumber = number => number++;\n\nconst num1 = increaseNumber();\nconst num2 = increasePassedNumber(num1);\n\nconsole.log(num1);\nconsole.log(num2);\n```	\nThe unary operator `++` _first returns_ the value of the operand, _then increments_ the value of the operand. The value of `num1` is `10`, since the `increaseNumber` function first returns the value of `num`, which is `10`, and only increments the value of `num` afterwards.\n\n`num2` is `10`, since we passed `num1` to the `increasePassedNumber`. `number` is equal to `10`(the value of `num1`. Again, the unary operator `++` _first returns_ the value of the operand, _then increments_ the value of the operand. The value of `number` is `10`, so `num2` is equal to `10`.\n\n	1	63
64	What's the output?	```javascript\nconst value = { number: 10 };\n\nconst multiply = (x = { ...value }) => {\n  console.log((x.number *= 2));\n};\n\nmultiply();\nmultiply();\nmultiply(value);\nmultiply(value);\n```	\nIn ES6, we can initialize parameters with a default value. The value of the parameter will be the default value, if no other value has been passed to the function, or if the value of the parameter is `"undefined"`. In this case, we spread the properties of the `value` object into a new object, so `x` has the default value of `{ number: 10 }`.\n\nThe default argument is evaluated at _call time_! Every time we call the function, a _new_ object is created. We invoke the `multiply` function the first two times without passing a value: `x` has the default value of `{ number: 10 }`. We then log the multiplied value of that number, which is `20`.\n\nThe third time we invoke multiply, we do pass an argument: the object called `value`. The `*=` operator is actually shorthand for `x.number = x.number * 2`: we modify the value of `x.number`, and log the multiplied value `20`.\n\nThe fourth time, we pass the `value` object again. `x.number` was previously modified to `20`, so `x.number *= 2` logs `40`.\n\n	1	64
65	What's the output?	```javascript\n[1, 2, 3, 4].reduce((x, y) => console.log(x, y));\n```	\nThe first argument that the `reduce` method receives is the _accumulator_, `x` in this case. The second argument is the _current value_, `y`. With the reduce method, we execute a callback function on every element in the array, which could ultimately result in one single value.\n\nIn this example, we are not returning any values, we are simply logging the values of the accumulator and the current value.\n\nThe value of the accumulator is equal to the previously returned value of the callback function. If you don't pass the optional `initialValue` argument to the `reduce` method, the accumulator is equal to the first element on the first call.\n\nOn the first call, the accumulator (`x`) is `1`, and the current value (`y`) is `2`. We don't return from the callback function, we log the accumulator and current value: `1` and `2` get logged.\n\nIf you don't return a value from a function, it returns `undefined`. On the next call, the accumulator is `undefined`, and the current value is `3`. `undefined` and `3` get logged.\n\nOn the fourth call, we again don't return from the callback function. The accumulator is again `undefined`, and the current value is `4`. `undefined` and `4` get logged.\n\n	1	65
66	With which constructor can we successfully extend the `Dog` class?	```javascript\nclass Dog {\n  constructor(name) {\n    this.name = name;\n  }\n};\n\nclass Labrador extends Dog {\n  // 1\n  constructor(name, size) {\n    this.size = size;\n  }\n  // 2\n  constructor(name, size) {\n    super(name);\n    this.size = size;\n  }\n  // 3\n  constructor(size) {\n    super(name);\n    this.size = size;\n  }\n  // 4\n  constructor(name, size) {\n    this.name = name;\n    this.size = size;\n  }\n\n};\n```	\nIn a derived class, you cannot access the `this` keyword before calling `super`. If you try to do that, it will throw a ReferenceError: 1 and 4 would throw a reference error.\n\nWith the `super` keyword, we call that parent class's constructor with the given arguments. The parent's constructor receives the `name` argument, so we need to pass `name` to `super`.\n\nThe `Labrador` class receives two arguments, `name` since it extends `Dog`, and `size` as an extra property on the `Labrador` class. They both need to be passed to the constructor function on `Labrador`, which is done correctly using constructor 2.\n\n	1	66
67	What's the output?	```javascript\n// index.js\nconsole.log('running index.js');\nimport { sum } from './sum.js';\nconsole.log(sum(1, 2));\n\n// sum.js\nconsole.log('running sum.js');\nexport const sum = (a, b) => a + b;\n```	\nWith the `import` keyword, all imported modules are _pre-parsed_. This means that the imported modules get run _first_, the code in the file which imports the module gets executed _after_.\n\nThis is a difference between `require()` in CommonJS and `import`! With `require()`, you can load dependencies on demand while the code is being run. If we would have used `require` instead of `import`, `running index.js`, `running sum.js`, `3` would have been logged to the console.\n\n	1	67
68	What's the output?	```javascript\nconsole.log(Number(2) === Number(2));\nconsole.log(Boolean(false) === Boolean(false));\nconsole.log(Symbol('foo') === Symbol('foo'));\n```	\nEvery Symbol is entirely unique. The purpose of the argument passed to the Symbol is to give the Symbol a description. The value of the Symbol is not dependent on the passed argument. As we test equality, we are creating two entirely new symbols: the first `Symbol('foo')`, and the second `Symbol('foo')`. These two values are unique and not equal to each other, `Symbol('foo') === Symbol('foo')` returns `false`.\n\n	1	68
69	What's the output?	```javascript\nconst name = 'Lydia Hallie';\nconsole.log(name.padStart(13));\nconsole.log(name.padStart(2));\n```	\nWith the `padStart` method, we can add padding to the beginning of a string. The value passed to this method is the _total_ length of the string together with the padding. The string `"Lydia Hallie"` has a length of `12`. `name.padStart(13)` inserts 1 space at the start of the string, because 12 + 1 is 13.\n\nIf the argument passed to the `padStart` method is smaller than the length of the array, no padding will be added.\n\n	1	69
70	What's the output?	```javascript\nconsole.log('🥑' + '💻');\n```	\nWith the `+` operator, you can concatenate strings. In this case, we are concatenating the string `"🥑"` with the string `"💻"`, resulting in `"🥑💻"`.\n\n	1	70
71	How can we log the values that are commented out after the console.log statement?	```javascript\nfunction* startGame() {\n  const answer = yield 'Do you love JavaScript?';\n  if (answer !== 'Yes') {\n    return "Oh wow... Guess we're gone here";\n  }\n  return 'JavaScript loves you back ❤️';\n}\n\nconst game = startGame();\nconsole.log(/* 1 */); // Do you love JavaScript?\nconsole.log(/* 2 */); // JavaScript loves you back ❤️\n```	\nA generator function "pauses" its execution when it sees the `yield` keyword. First, we have to let the function yield the string "Do you love JavaScript?", which can be done by calling `game.next().value`.\n\nEvery line is executed, until it finds the first `yield` keyword. There is a `yield` keyword on the first line within the function: the execution stops with the first yield! _This means that the variable `answer` is not defined yet!_\n\nWhen we call `game.next("Yes").value`, the previous `yield` is replaced with the value of the parameters passed to the `next()` function, `"Yes"` in this case. The value of the variable `answer` is now equal to `"Yes"`. The condition of the if-statement returns `false`, and `JavaScript loves you back ❤️` gets logged.\n\n	1	71
72	What's the output?	```javascript\nconsole.log(String.raw`Hello\\nworld`);\n```	\n`String.raw` returns a string where the escapes (`\\n`, `\\v`, `\\t` etc.) are ignored! Backslashes can be an issue since you could end up with something like:\n\n`` const path = `C:\\Documents\\Projects\\table.html` ``\n\nWhich would result in:\n\n`"C:DocumentsProjects able.html"`\n\nWith `String.raw`, it would simply ignore the escape and print:\n\n`C:\\Documents\\Projects\\table.html`\n\nIn this case, the string is `Hello\\nworld`, which gets logged.\n\n	1	72
73	What's the output?	```javascript\nasync function getData() {\n  return await Promise.resolve('I made it!');\n}\n\nconst data = getData();\nconsole.log(data);\n```	\nAn async function always returns a promise. The `await` still has to wait for the promise to resolve: a pending promise gets returned when we call `getData()` in order to set `data` equal to it.\n\nIf we wanted to get access to the resolved value `"I made it"`, we could have used the `.then()` method on `data`:\n\n`data.then(res => console.log(res))`\n\nThis would've logged `"I made it!"`\n\n	1	73
74	What's the output?	```javascript\nfunction addToList(item, list) {\n  return list.push(item);\n}\n\nconst result = addToList('apple', ['banana']);\nconsole.log(result);\n```	\nThe `.push()` method returns the _length_ of the new array! Previously, the array contained one element (the string `"banana"`) and had a length of `1`. After adding the string `"apple"` to the array, the array contains two elements, and has a length of `2`. This gets returned from the `addToList` function.\n\nThe `push` method modifies the original array. If you wanted to return the _array_ from the function rather than the _length of the array_, you should have returned `list` after pushing `item` to it.\n\n	1	74
75	What's the output?	```javascript\nconst box = { x: 10, y: 20 };\n\nObject.freeze(box);\n\nconst shape = box;\nshape.x = 100;\n\nconsole.log(shape);\n```	\n`Object.freeze` makes it impossible to add, remove, or modify properties of an object (unless the property's value is another object).\n\nWhen we create the variable `shape` and set it equal to the frozen object `box`, `shape` also refers to a frozen object. You can check whether an object is frozen by using `Object.isFrozen`. In this case, `Object.isFrozen(shape)` returns true, since the variable `shape` has a reference to a frozen object.\n\nSince `shape` is frozen, and since the value of `x` is not an object, we cannot modify the property `x`. `x` is still equal to `10`, and `{ x: 10, y: 20 }` gets logged.\n\n	1	75
76	What's the output?	```javascript\nconst { name: myName } = { name: 'Lydia' };\n\nconsole.log(name);\n```	\nWhen we unpack the property `name` from the object on the right-hand side, we assign its value `"Lydia"` to a variable with the name `myName`.\n\nWith `{ name: myName }`, we tell JavaScript that we want to create a new variable called `myName` with the value of the `name` property on the right-hand side.\n\nSince we try to log `name`, a variable that is not defined, a ReferenceError gets thrown.\n\n	1	76
77	Is this a pure function?	```javascript\nfunction sum(a, b) {\n  return a + b;\n}\n```	\nA pure function is a function that _always_ returns the same result, if the same arguments are passed.\n\nThe `sum` function always returns the same result. If we pass `1` and `2`, it will _always_ return `3` without side effects. If we pass `5` and `10`, it will _always_ return `15`, and so on. This is the definition of a pure function.\n\n	1	77
78	What is the output?	```javascript\nconst add = () => {\n  const cache = {};\n  return num => {\n    if (num in cache) {\n      return `From cache! ${cache[num]}`;\n    } else {\n      const result = num + 10;\n      cache[num] = result;\n      return `Calculated! ${result}`;\n    }\n  };\n};\n\nconst addFunction = add();\nconsole.log(addFunction(10));\nconsole.log(addFunction(10));\nconsole.log(addFunction(5 * 2));\n```	\nThe `add` function is a _memoized_ function. With memoization, we can cache the results of a function in order to speed up its execution. In this case, we create a `cache` object that stores the previously returned values.\n\nIf we call the `addFunction` function again with the same argument, it first checks whether it has already gotten that value in its cache. If that's the case, the caches value will be returned, which saves on execution time. Else, if it's not cached, it will calculate the value and store it afterwards.\n\nWe call the `addFunction` function three times with the same value: on the first invocation, the value of the function when `num` is equal to `10` isn't cached yet. The condition of the if-statement `num in cache` returns `false`, and the else block gets executed: `Calculated! 20` gets logged, and the value of the result gets added to the cache object. `cache` now looks like `{ 10: 20 }`.\n\nThe second time, the `cache` object contains the value that gets returned for `10`. The condition of the if-statement `num in cache` returns `true`, and `'From cache! 20'` gets logged.\n\nThe third time, we pass `5 * 2` to the function which gets evaluated to `10`. The `cache` object contains the value that gets returned for `10`. The condition of the if-statement `num in cache` returns `true`, and `'From cache! 20'` gets logged.\n\n	1	78
79	What is the output?	```javascript\nconst myLifeSummedUp = ['☕', '💻', '🍷', '🍫'];\n\nfor (let item in myLifeSummedUp) {\n  console.log(item);\n}\n\nfor (let item of myLifeSummedUp) {\n  console.log(item);\n}\n```	\nWith a _for-in_ loop, we can iterate over **enumerable** properties. In an array, the enumerable properties are the "keys" of array elements, which are actually their indexes. You could see an array as:\n\n`{0: "☕", 1: "💻", 2: "🍷", 3: "🍫"}`\n\nWhere the keys are the enumerable properties. `0` `1` `2` `3` get logged.\n\nWith a _for-of_ loop, we can iterate over **iterables**. An array is an iterable. When we iterate over the array, the variable "item" is equal to the element it's currently iterating over, `"☕"` `"💻"` `"🍷"` `"🍫"` get logged.\n\n	1	79
80	What is the output?	```javascript\nconst list = [1 + 2, 1 * 2, 1 / 2];\nconsole.log(list);\n```	\nArray elements can hold any value. Numbers, strings, objects, other arrays, null, boolean values, undefined, and other expressions such as dates, functions, and calculations.\n\nThe element will be equal to the returned value. `1 + 2` returns `3`, `1 * 2` returns `2`, and `1 / 2` returns `0.5`.\n\n	1	80
81	What is the output?	```javascript\nfunction sayHi(name) {\n  return `Hi there, ${name}`;\n}\n\nconsole.log(sayHi());\n```	\nBy default, arguments have the value of `undefined`, unless a value has been passed to the function. In this case, we didn't pass a value for the `name` argument. `name` is equal to `undefined` which gets logged.\n\nIn ES6, we can overwrite this default `undefined` value with default parameters. For example:\n\n`function sayHi(name = "Lydia") { ... }`\n\nIn this case, if we didn't pass a value or if we passed `undefined`, `name` would always be equal to the string `Lydia`\n\n	1	81
82	What is the output?	```javascript\nvar status = '😎';\n\nsetTimeout(() => {\n  const status = '😍';\n\n  const data = {\n    status: '🥑',\n    getStatus() {\n      return this.status;\n    },\n  };\n\n  console.log(data.getStatus());\n  console.log(data.getStatus.call(this));\n}, 0);\n```	\nThe value of the `this` keyword is dependent on where you use it. In a **method**, like the `getStatus` method, the `this` keyword refers to _the object that the method belongs to_. The method belongs to the `data` object, so `this` refers to the `data` object. When we log `this.status`, the `status` property on the `data` object gets logged, which is `"🥑"`.\n\nWith the `call` method, we can change the object to which the `this` keyword refers. In **functions**, the `this` keyword refers to the _the object that the function belongs to_. We declared the `setTimeout` function on the _global object_, so within the `setTimeout` function, the `this` keyword refers to the _global object_. On the global object, there is a variable called _status_ with the value of `"😎"`. When logging `this.status`, `"😎"` gets logged.\n\n	1	82
83	What is the output?	```javascript\nconst person = {\n  name: 'Lydia',\n  age: 21,\n};\n\nlet city = person.city;\ncity = 'Amsterdam';\n\nconsole.log(person);\n```	\nWe set the variable `city` equal to the value of the property called `city` on the `person` object. There is no property on this object called `city`, so the variable `city` has the value of `undefined`.\n\nNote that we are _not_ referencing the `person` object itself! We simply set the variable `city` equal to the current value of the `city` property on the `person` object.\n\nThen, we set `city` equal to the string `"Amsterdam"`. This doesn't change the person object: there is no reference to that object.\n\nWhen logging the `person` object, the unmodified object gets returned.\n\n	1	83
84	What is the output?	```javascript\nfunction checkAge(age) {\n  if (age < 18) {\n    const message = "Sorry, you're too young.";\n  } else {\n    const message = "Yay! You're old enough!";\n  }\n\n  return message;\n}\n\nconsole.log(checkAge(21));\n```	\nVariables with the `const` and `let` keyword are _block-scoped_. A block is anything between curly brackets (`{ }`). In this case, the curly brackets of the if/else statements. You cannot reference a variable outside of the block it's declared in, a ReferenceError gets thrown.\n\n	1	84
85	What kind of information would get logged?	```javascript\nfetch('https://www.website.com/api/user/1')\n  .then(res => res.json())\n  .then(res => console.log(res));\n```	\nThe value of `res` in the second `.then` is equal to the returned value of the previous `.then`. You can keep chaining `.then`s like this, where the value is passed to the next handler.\n\n	1	85
86	Which option is a way to set `hasName` equal to `true`, provided you cannot pass `true` as an argument?	```javascript\nfunction getName(name) {\n  const hasName = //\n}\n```	\nWith `!!name`, we determine whether the value of `name` is truthy or falsy. If name is truthy, which we want to test for, `!name` returns `false`. `!false` (which is what `!!name` practically is) returns `true`.\n\nBy setting `hasName` equal to `name`, you set `hasName` equal to whatever value you passed to the `getName` function, not the boolean value `true`.\n\n`new Boolean(true)` returns an object wrapper, not the boolean value itself.\n\n`name.length` returns the length of the passed argument, not whether it's `true`.\n\n	1	86
87	What's the output?	```javascript\nconsole.log('I want pizza'[0]);\n```	\nIn order to get an character on a specific index in a string, you can use bracket notation. The first character in the string has index 0, and so on. In this case we want to get the element which index is 0, the character `"I'`, which gets logged.\n\nNote that this method is not supported in IE7 and below. In that case, use `.charAt()`\n\n	1	87
88	What's the output?	```javascript\nfunction sum(num1, num2 = num1) {\n  console.log(num1 + num2);\n}\n\nsum(10);\n```	\nYou can set a default parameter's value equal to another parameter of the function, as long as they've been defined _before_ the default parameter. We pass the value `10` to the `sum` function. If the `sum` function only receives 1 argument, it means that the value for `num2` is not passed, and the value of `num1` is equal to the passed value `10` in this case. The default value of `num2` is the value of `num1`, which is `10`. `num1 + num2` returns `20`.\n\nIf you're trying to set a default parameter's value equal to a parameter which is defined _after_ (to the right), the parameter's value hasn't been initialized yet, which will throw an error.\n\n	1	88
89	What's the output?	```javascript\n// module.js\nexport default () => 'Hello world';\nexport const name = 'Lydia';\n\n// index.js\nimport * as data from './module';\n\nconsole.log(data);\n```	\nWith the `import * as name` syntax, we import _all exports_ from the `module.js` file into the `index.js` file as a new object called `data` is created. In the `module.js` file, there are two exports: the default export, and a named export. The default export is a function which returns the string `"Hello World"`, and the named export is a variable called `name` which has the value of the string `"Lydia"`.\n\nThe `data` object has a `default` property for the default export, other properties have the names of the named exports and their corresponding values.\n\n	1	89
90	What's the output?	```javascript\nclass Person {\n  constructor(name) {\n    this.name = name;\n  }\n}\n\nconst member = new Person('John');\nconsole.log(typeof member);\n```	\nClasses are syntactical sugar for function constructors. The equivalent of the `Person` class as a function constructor would be:\n\n```javascript\nfunction Person() {\n  this.name = name;\n}\n```\n\nCalling a function constructor with `new` results in the creation of an instance of `Person`, `typeof` keyword returns `"object"` for an instance. `typeof member` returns `"object"`.\n\n	1	90
91	What's the output?	```javascript\nlet newList = [1, 2, 3].push(4);\n\nconsole.log(newList.push(5));\n```	\nThe `.push` method returns the _new length_ of the array, not the array itself! By setting `newList` equal to `[1, 2, 3].push(4)`, we set `newList` equal to the new length of the array: `4`.\n\nThen, we try to use the `.push` method on `newList`. Since `newList` is the numerical value `4`, we cannot use the `.push` method: a TypeError is thrown.\n\n	1	91
92	What's the output?	```javascript\nfunction giveLydiaPizza() {\n  return 'Here is pizza!';\n}\n\nconst giveLydiaChocolate = () =>\n  "Here's chocolate... now go hit the gym already.";\n\nconsole.log(giveLydiaPizza.prototype);\nconsole.log(giveLydiaChocolate.prototype);\n```	\nRegular functions, such as the `giveLydiaPizza` function, have a `prototype` property, which is an object (prototype object) with a `constructor` property. Arrow functions however, such as the `giveLydiaChocolate` function, do not have this `prototype` property. `undefined` gets returned when trying to access the `prototype` property using `giveLydiaChocolate.prototype`.\n\n	1	92
93	What's the output?	```javascript\nconst person = {\n  name: 'Lydia',\n  age: 21,\n};\n\nfor (const [x, y] of Object.entries(person)) {\n  console.log(x, y);\n}\n```	\n`Object.entries(person)` returns an array of nested arrays, containing the keys and objects:\n\n`[ [ 'name', 'Lydia' ], [ 'age', 21 ] ]`\n\nUsing the `for-of` loop, we can iterate over each element in the array, the subarrays in this case. We can destructure the subarrays instantly in the for-of loop, using `const [x, y]`. `x` is equal to the first element in the subarray, `y` is equal to the second element in the subarray.\n\nThe first subarray is `[ "name", "Lydia" ]`, with `x` equal to `"name"`, and `y` equal to `"Lydia"`, which get logged.\nThe second subarray is `[ "age", 21 ]`, with `x` equal to `"age"`, and `y` equal to `21`, which get logged.\n\n	1	93
94	What's the output?	```javascript\nfunction getItems(fruitList, ...args, favoriteFruit) {\n  return [...fruitList, ...args, favoriteFruit]\n}\n\ngetItems(["banana", "apple"], "pear", "orange")\n```	\n`...args` is a rest parameter. The rest parameter's value is an array containing all remaining arguments, **and can only be the last parameter**! In this example, the rest parameter was the second parameter. This is not possible, and will throw a syntax error.\n\n```javascript\nfunction getItems(fruitList, favoriteFruit, ...args) {\n  return [...fruitList, ...args, favoriteFruit];\n}\n\ngetItems(['banana', 'apple'], 'pear', 'orange');\n```\n\nThe above example works. This returns the array `[ 'banana', 'apple', 'orange', 'pear' ]`\n\n	1	94
95	What's the output?	```javascript\nfunction nums(a, b) {\n  if (a > b) console.log('a is bigger');\n  else console.log('b is bigger');\n  return\n  a + b;\n}\n\nconsole.log(nums(4, 2));\nconsole.log(nums(1, 2));\n```	\nIn JavaScript, we don't _have_ to write the semicolon (`;`) explicitly, however the JavaScript engine still adds them after statements. This is called **Automatic Semicolon Insertion**. A statement can for example be variables, or keywords like `throw`, `return`, `break`, etc.\n\nHere, we wrote a `return` statement, and another value `a + b` on a _new line_. However, since it's a new line, the engine doesn't know that it's actually the value that we wanted to return. Instead, it automatically added a semicolon after `return`. You could see this as:\n\n```javascript\nreturn;\na + b;\n```\n\nThis means that `a + b` is never reached, since a function stops running after the `return` keyword. If no value gets returned, like here, the function returns `undefined`. Note that there is no automatic insertion after `if/else` statements!\n\n	1	95
96	What's the output?	```javascript\nclass Person {\n  constructor() {\n    this.name = 'Lydia';\n  }\n}\n\nPerson = class AnotherPerson {\n  constructor() {\n    this.name = 'Sarah';\n  }\n};\n\nconst member = new Person();\nconsole.log(member.name);\n```	\nWe can set classes equal to other classes/function constructors. In this case, we set `Person` equal to `AnotherPerson`. The name on this constructor is `Sarah`, so the name property on the new `Person` instance `member` is `"Sarah"`.\n\n	1	96
97	What's the output?	```javascript\nconst info = {\n  [Symbol('a')]: 'b',\n};\n\nconsole.log(info);\nconsole.log(Object.keys(info));\n```	\nA Symbol is not _enumerable_. The Object.keys method returns all _enumerable_ key properties on an object. The Symbol won't be visible, and an empty array is returned. When logging the entire object, all properties will be visible, even non-enumerable ones.\n\nThis is one of the many qualities of a symbol: besides representing an entirely unique value (which prevents accidental name collision on objects, for example when working with 2 libraries that want to add properties to the same object), you can also "hide" properties on objects this way (although not entirely. You can still access symbols using the `Object.getOwnPropertySymbols()` method).\n\n	1	97
98	What's the output?	```javascript\nconst getList = ([x, ...y]) => [x, y]\nconst getUser = user => { name: user.name, age: user.age }\n\nconst list = [1, 2, 3, 4]\nconst user = { name: "Lydia", age: 21 }\n\nconsole.log(getList(list))\nconsole.log(getUser(user))\n```	\nThe `getList` function receives an array as its argument. Between the parentheses of the `getList` function, we destructure this array right away. You could see this as:\n\n`[x, ...y] = [1, 2, 3, 4]`\n\nWith the rest parameter `...y`, we put all "remaining" arguments in an array. The remaining arguments are `2`, `3` and `4` in this case. The value of `y` is an array, containing all the rest parameters. The value of `x` is equal to `1` in this case, so when we log `[x, y]`, `[1, [2, 3, 4]]` gets logged.\n\nThe `getUser` function receives an object. With arrow functions, we don't _have_ to write curly brackets if we just return one value. However, if you want to return an _object_ from an arrow function, you have to write it between parentheses, otherwise no value gets returned! The following function would have returned an object:\n\n`const getUser = user => ({ name: user.name, age: user.age })`\n\nSince no value gets returned in this case, the function returns `undefined`.\n\n	1	98
99	What's the output?	```javascript\nconst name = 'Lydia';\n\nconsole.log(name());\n```	\nThe variable `name` holds the value of a string, which is not a function, thus cannot invoke.\n\nTypeErrors get thrown when a value is not of the expected type. JavaScript expected `name` to be a function since we're trying to invoke it. It was a string however, so a TypeError gets thrown: name is not a function!\n\nSyntaxErrors get thrown when you've written something that isn't valid JavaScript, for example when you've written the word `return` as `retrun`.\nReferenceErrors get thrown when JavaScript isn't able to find a reference to a value that you're trying to access.\n\n	1	99
100	What's the value of output?	```javascript\n// 🎉✨ This is my 100th question! ✨🎉\n\nconst output = `${[] && 'Im'}possible!\nYou should${'' && `n't`} see a therapist after so much JavaScript lol`;\n```	\n`[]` is a truthy value. With the `&&` operator, the right-hand value will be returned if the left-hand value is a truthy value. In this case, the left-hand value `[]` is a truthy value, so `"Im'` gets returned.\n\n`""` is a falsy value. If the left-hand value is falsy, nothing gets returned. `n't` doesn't get returned.\n\n	1	100
101	What's the value of output?	```javascript\nconst one = false || {} || null;\nconst two = null || false || '';\nconst three = [] || 0 || true;\n\nconsole.log(one, two, three);\n```	\nWith the `||` operator, we can return the first truthy operand. If all values are falsy, the last operand gets returned.\n\n`(false || {} || null)`: the empty object `{}` is a truthy value. This is the first (and only) truthy value, which gets returned. `one` is equal to `{}`.\n\n`(null || false || "")`: all operands are falsy values. This means that the last operand, `""` gets returned. `two` is equal to `""`.\n\n`([] || 0 || "")`: the empty array`[]` is a truthy value. This is the first truthy value, which gets returned. `three` is equal to `[]`.\n\n	1	101
102	What's the value of output?	```javascript\nconst myPromise = () => Promise.resolve('I have resolved!');\n\nfunction firstFunction() {\n  myPromise().then(res => console.log(res));\n  console.log('second');\n}\n\nasync function secondFunction() {\n  console.log(await myPromise());\n  console.log('second');\n}\n\nfirstFunction();\nsecondFunction();\n```	\nWith a promise, we basically say _I want to execute this function, but I'll put it aside for now while it's running since this might take a while. Only when a certain value is resolved (or rejected), and when the call stack is empty, I want to use this value._\n\nWe can get this value with both `.then` and the `await` keyword in an `async` function. Although we can get a promise's value with both `.then` and `await`, they work a bit differently.\n\nIn the `firstFunction`, we (sort of) put the myPromise function aside while it was running, but continued running the other code, which is `console.log('second')` in this case. Then, the function resolved with the string `I have resolved`, which then got logged after it saw that the callstack was empty.\n\nWith the await keyword in `secondFunction`, we literally pause the execution of an async function until the value has been resolved before moving to the next line.\n\nThis means that it waited for the `myPromise` to resolve with the value `I have resolved`, and only once that happened, we moved to the next line: `second` got logged.\n\n	1	102
122	What's the output?	```javascript\nconst name = 'Lydia Hallie';\n\nconsole.log(!typeof name === 'object');\nconsole.log(!typeof name === 'string');\n```	\n`typeof name` returns `"string"`. The string `"string"` is a truthy value, so `!typeof name` returns the boolean value `false`. `false === "object"` and `false === "string"` both return`false`.\n\n(If we wanted to check whether the type was (un)equal to a certain type, we should've written `!==` instead of `!typeof`)\n\n	1	122
103	What's the value of output?	```javascript\nconst set = new Set();\n\nset.add(1);\nset.add('Lydia');\nset.add({ name: 'Lydia' });\n\nfor (let item of set) {\n  console.log(item + 2);\n}\n```	\nThe `+` operator is not only used for adding numerical values, but we can also use it to concatenate strings. Whenever the JavaScript engine sees that one or more values are not a number, it coerces the number into a string.\n\nThe first one is `1`, which is a numerical value. `1 + 2` returns the number 3.\n\nHowever, the second one is a string `"Lydia"`. `"Lydia"` is a string and `2` is a number: `2` gets coerced into a string. `"Lydia"` and `"2"` get concatenated, which results in the string `"Lydia2"`.\n\n`{ name: "Lydia" }` is an object. Neither a number nor an object is a string, so it stringifies both. Whenever we stringify a regular object, it becomes `"[object Object]"`. `"[object Object]"` concatenated with `"2"` becomes `"[object Object]2"`.\n\n	1	103
104	What's its value?	```javascript\nPromise.resolve(5);\n```	\nWe can pass any type of value we want to `Promise.resolve`, either a promise or a non-promise. The method itself returns a promise with the resolved value (`<fulfilled>`). If you pass a regular function, it'll be a resolved promise with a regular value. If you pass a promise, it'll be a resolved promise with the resolved value of that passed promise.\n\nIn this case, we just passed the numerical value `5`. It returns a resolved promise with the value `5`.\n\n	1	104
105	What's its value?	```javascript\nfunction compareMembers(person1, person2 = person) {\n  if (person1 !== person2) {\n    console.log('Not the same!');\n  } else {\n    console.log('They are the same!');\n  }\n}\n\nconst person = { name: 'Lydia' };\n\ncompareMembers(person);\n```	\nObjects are passed by reference. When we check objects for strict equality (`===`), we're comparing their references.\n\nWe set the default value for `person2` equal to the `person` object, and passed the `person` object as the value for `person1`.\n\nThis means that both values have a reference to the same spot in memory, thus they are equal.\n\nThe code block in the `else` statement gets run, and `They are the same!` gets logged.\n\n	1	105
106	What's its value?	```javascript\nconst colorConfig = {\n  red: true,\n  blue: false,\n  green: true,\n  black: true,\n  yellow: false,\n};\n\nconst colors = ['pink', 'red', 'blue'];\n\nconsole.log(colorConfig.colors[1]);\n```	\nIn JavaScript, we have two ways to access properties on an object: bracket notation, or dot notation. In this example, we use dot notation (`colorConfig.colors`) instead of bracket notation (`colorConfig["colors"]`).\n\nWith dot notation, JavaScript tries to find the property on the object with that exact name. In this example, JavaScript tries to find a property called `colors` on the `colorConfig` object. There is no property called `colors`, so this returns `undefined`. Then, we try to access the value of the first element by using `[1]`. We cannot do this on a value that's `undefined`, so it throws a `TypeError`: `Cannot read property '1' of undefined`.\n\nJavaScript interprets (or unboxes) statements. When we use bracket notation, it sees the first opening bracket `[` and keeps going until it finds the closing bracket `]`. Only then, it will evaluate the statement. If we would've used `colorConfig[colors[1]]`, it would have returned the value of the `red` property on the `colorConfig` object.\n\n	1	106
107	What's its value?	```javascript\nconsole.log('❤️' === '❤️');\n```	\nUnder the hood, emojis are unicodes. The unicodes for the heart emoji is `"U+2764 U+FE0F"`. These are always the same for the same emojis, so we're comparing two equal strings to each other, which returns true.\n\n	1	107
108	Which of these methods modifies the original array?	```javascript\nconst emojis = ['✨', '🥑', '😍'];\n\nemojis.map(x => x + '✨');\nemojis.filter(x => x !== '🥑');\nemojis.find(x => x !== '🥑');\nemojis.reduce((acc, cur) => acc + '✨');\nemojis.slice(1, 2, '✨');\nemojis.splice(1, 2, '✨');\n```	\nWith `splice` method, we modify the original array by deleting, replacing or adding elements. In this case, we removed 2 items from index 1 (we removed `'🥑'` and `'😍'`) and added the ✨ emoji instead.\n\n`map`, `filter` and `slice` return a new array, `find` returns an element, and `reduce` returns a reduced value.\n\n	1	108
109	What's the output?	```javascript\nconst food = ['🍕', '🍫', '🥑', '🍔'];\nconst info = { favoriteFood: food[0] };\n\ninfo.favoriteFood = '🍝';\n\nconsole.log(food);\n```	\nWe set the value of the `favoriteFood` property on the `info` object equal to the string with the pizza emoji, `'🍕'`. A string is a primitive data type. In JavaScript, primitive data types don't interact by reference.\n\nIn JavaScript, primitive data types (everything that's not an object) interact by _value_. In this case, we set the value of the `favoriteFood` property on the `info` object equal to the value of the first element in the `food` array, the string with the pizza emoji in this case (`'🍕'`). A string is a primitive data type, and interact by value (see my [blogpost](https://www.theavocoder.com/complete-javascript/2018/12/21/by-value-vs-by-reference) if you're interested in learning more)\n\nThen, we change the value of the `favoriteFood` property on the `info` object. The `food` array hasn't changed, since the value of `favoriteFood` was merely a _copy_ of the value of the first element in the array, and doesn't have a reference to the same spot in memory as the element on `food[0]`. When we log food, it's still the original array, `['🍕', '🍫', '🥑', '🍔']`.\n\n	1	109
110	What does this method do?	```javascript\nJSON.parse();\n```	\nWith the `JSON.parse()` method, we can parse JSON string to a JavaScript value.\n\n```javascript\n// Stringifying a number into valid JSON, then parsing the JSON string to a JavaScript value:\nconst jsonNumber = JSON.stringify(4); // '4'\nJSON.parse(jsonNumber); // 4\n\n// Stringifying an array value into valid JSON, then parsing the JSON string to a JavaScript value:\nconst jsonArray = JSON.stringify([1, 2, 3]); // '[1, 2, 3]'\nJSON.parse(jsonArray); // [1, 2, 3]\n\n// Stringifying an object  into valid JSON, then parsing the JSON string to a JavaScript value:\nconst jsonArray = JSON.stringify({ name: 'Lydia' }); // '{"name":"Lydia"}'\nJSON.parse(jsonArray); // { name: 'Lydia' }\n```\n\n	1	110
111	What's the output?	```javascript\nlet name = 'Lydia';\n\nfunction getName() {\n  console.log(name);\n  let name = 'Sarah';\n}\n\ngetName();\n```	\nEach function has its own _execution context_ (or _scope_). The `getName` function first looks within its own context (scope) to see if it contains the variable `name` we're trying to access. In this case, the `getName` function contains its own `name` variable: we declare the variable `name` with the `let` keyword, and with the value of `'Sarah'`.\n\nVariables with the `let` keyword (and `const`) are hoisted, but unlike `var`, don't get <i>initialized</i>. They are not accessible before the line we declare (initialize) them. This is called the "temporal dead zone". When we try to access the variables before they are declared, JavaScript throws a `ReferenceError`.\n\nIf we wouldn't have declared the `name` variable within the `getName` function, the javascript engine would've looked down the _scope chain_. The outer scope has a variable called `name` with the value of `Lydia`. In that case, it would've logged `Lydia`.\n\n```javascript\nlet name = 'Lydia';\n\nfunction getName() {\n  console.log(name);\n}\n\ngetName(); // Lydia\n```\n\n	1	111
112	What's the output?	```javascript\nfunction* generatorOne() {\n  yield ['a', 'b', 'c'];\n}\n\nfunction* generatorTwo() {\n  yield* ['a', 'b', 'c'];\n}\n\nconst one = generatorOne();\nconst two = generatorTwo();\n\nconsole.log(one.next().value);\nconsole.log(two.next().value);\n```	\nWith the `yield` keyword, we `yield` values in a generator function. With the `yield*` keyword, we can yield values from another generator function, or iterable object (for example an array).\n\nIn `generatorOne`, we yield the entire array `['a', 'b', 'c']` using the `yield` keyword. The value of `value` property on the object returned by the `next` method on `one` (`one.next().value`) is equal to the entire array `['a', 'b', 'c']`.\n\n```javascript\nconsole.log(one.next().value); // ['a', 'b', 'c']\nconsole.log(one.next().value); // undefined\n```\n\nIn `generatorTwo`, we use the `yield*` keyword. This means that the first yielded value of `two`, is equal to the first yielded value in the iterator. The iterator is the array `['a', 'b', 'c']`. The first yielded value is `a`, so the first time we call `two.next().value`, `a` is returned.\n\n```javascript\nconsole.log(two.next().value); // 'a'\nconsole.log(two.next().value); // 'b'\nconsole.log(two.next().value); // 'c'\nconsole.log(two.next().value); // undefined\n```\n\n	1	112
113	What's the output?	```javascript\nconsole.log(`${(x => x)('I love')} to program`);\n```	\nExpressions within template literals are evaluated first. This means that the string will contain the returned value of the expression, the immediately invoked function `(x => x)('I love')` in this case. We pass the value `'I love'` as an argument to the `x => x` arrow function. `x` is equal to `'I love'`, which gets returned. This results in `I love to program`.\n\n	1	113
114	What will happen?	```javascript\nlet config = {\n  alert: setInterval(() => {\n    console.log('Alert!');\n  }, 1000),\n};\n\nconfig = null;\n```	\nNormally when we set objects equal to `null`, those objects get _garbage collected_ as there is no reference anymore to that object. However, since the callback function within `setInterval` is an arrow function (thus bound to the `config` object), the callback function still holds a reference to the `config` object. As long as there is a reference, the object won't get garbage collected. Since it's not garbage collected, the `setInterval` callback function will still get invoked every 1000ms (1s).\n\n	1	114
115	Which method(s) will return the value `'Hello world!'`?	```javascript\nconst myMap = new Map();\nconst myFunc = () => 'greeting';\n\nmyMap.set(myFunc, 'Hello world!');\n\n//1\nmyMap.get('greeting');\n//2\nmyMap.get(myFunc);\n//3\nmyMap.get(() => 'greeting');\n```	\nWhen adding a key/value pair using the `set` method, the key will be the value of the first argument passed to the `set` function, and the value will be the second argument passed to the `set` function. The key is the _function_ `() => 'greeting'` in this case, and the value `'Hello world'`. `myMap` is now `{ () => 'greeting' => 'Hello world!' }`.\n\n1 is wrong, since the key is not `'greeting'` but `() => 'greeting'`.\n3 is wrong, since we're creating a new function by passing it as a parameter to the `get` method. Object interact by _reference_. Functions are objects, which is why two functions are never strictly equal, even if they are identical: they have a reference to a different spot in memory.\n\n	1	115
116	What's the output?	```javascript\nconst person = {\n  name: 'Lydia',\n  age: 21,\n};\n\nconst changeAge = (x = { ...person }) => (x.age += 1);\nconst changeAgeAndName = (x = { ...person }) => {\n  x.age += 1;\n  x.name = 'Sarah';\n};\n\nchangeAge(person);\nchangeAgeAndName();\n\nconsole.log(person);\n```	\nBoth the `changeAge` and `changeAgeAndName` functions have a default parameter, namely a _newly_ created object `{ ...person }`. This object has copies of all the key/values in the `person` object.\n\nFirst, we invoke the `changeAge` function and pass the `person` object as its argument. This function increases the value of the `age` property by 1. `person` is now `{ name: "Lydia", age: 22 }`.\n\nThen, we invoke the `changeAgeAndName` function, however we don't pass a parameter. Instead, the value of `x` is equal to a _new_ object: `{ ...person }`. Since it's a new object, it doesn't affect the values of the properties on the `person` object. `person` is still equal to `{ name: "Lydia", age: 22 }`.\n\n	1	116
117	Which of the following options will return `6`?	```javascript\nfunction sumValues(x, y, z) {\n  return x + y + z;\n}\n```	\nWith the spread operator `...`, we can _spread_ iterables to individual elements. The `sumValues` function receives three arguments: `x`, `y` and `z`. `...[1, 2, 3]` will result in `1, 2, 3`, which we pass to the `sumValues` function.\n\n	1	117
118	What's the output?	```javascript\nlet num = 1;\nconst list = ['🥳', '🤠', '🥰', '🤪'];\n\nconsole.log(list[(num += 1)]);\n```	\nWith the `+=` operand, we're incrementing the value of `num` by `1`. `num` had the initial value `1`, so `1 + 1` is `2`. The item on the second index in the `list` array is 🥰, `console.log(list[2])` prints 🥰.\n\n	1	118
119	What's the output?	```javascript\nconst person = {\n  firstName: 'Lydia',\n  lastName: 'Hallie',\n  pet: {\n    name: 'Mara',\n    breed: 'Dutch Tulip Hound',\n  },\n  getFullName() {\n    return `${this.firstName} ${this.lastName}`;\n  },\n};\n\nconsole.log(person.pet?.name);\nconsole.log(person.pet?.family?.name);\nconsole.log(person.getFullName?.());\nconsole.log(member.getLastName?.());\n```	\nWith the optional chaining operator `?.`, we no longer have to explicitly check whether the deeper nested values are valid or not. If we're trying to access a property on an `undefined` or `null` value (_nullish_), the expression short-circuits and returns `undefined`.\n\n`person.pet?.name`: `person` has a property named `pet`: `person.pet` is not nullish. It has a property called `name`, and returns `Mara`.\n`person.pet?.family?.name`: `person` has a property named `pet`: `person.pet` is not nullish. `pet` does _not_ have a property called `family`, `person.pet.family` is nullish. The expression returns `undefined`.\n`person.getFullName?.()`: `person` has a property named `getFullName`: `person.getFullName()` is not nullish and can get invoked, which returns `Lydia Hallie`.\n`member.getLastName?.()`: `member` is not defined: `member.getLastName()` is nullish. The expression returns `undefined`.\n\n	1	119
120	What's the output?	```javascript\nconst groceries = ['banana', 'apple', 'peanuts'];\n\nif (groceries.indexOf('banana')) {\n  console.log('We have to buy bananas!');\n} else {\n  console.log(`We don't have to buy bananas!`);\n}\n```	\nWe passed the condition `groceries.indexOf("banana")` to the if-statement. `groceries.indexOf("banana")` returns `0`, which is a falsy value. Since the condition in the if-statement is falsy, the code in the `else` block runs, and `We don't have to buy bananas!` gets logged.\n\n	1	120
121	What's the output?	```javascript\nconst config = {\n  languages: [],\n  set language(lang) {\n    return this.languages.push(lang);\n  },\n};\n\nconsole.log(config.language);\n```	\nThe `language` method is a `setter`. Setters don't hold an actual value, their purpose is to _modify_ properties. When calling a `setter` method, `undefined` gets returned.\n\n	1	121
123	What's the output?	```javascript\nconst add = x => y => z => {\n  console.log(x, y, z);\n  return x + y + z;\n};\n\nadd(4)(5)(6);\n```	\nThe `add` function returns an arrow function, which returns an arrow function, which returns an arrow function (still with me?). The first function receives an argument `x` with the value of `4`. We invoke the second function, which receives an argument `y` with the value `5`. Then we invoke the third function, which receives an argument `z` with the value `6`. When we're trying to access the value `x`, `y` and `z` within the last arrow function, the JS engine goes up the scope chain in order to find the values for `x` and `y` accordingly. This returns `4` `5` `6`.\n\n	1	123
124	What's the output?	```javascript\nasync function* range(start, end) {\n  for (let i = start; i <= end; i++) {\n    yield Promise.resolve(i);\n  }\n}\n\n(async () => {\n  const gen = range(1, 3);\n  for await (const item of gen) {\n    console.log(item);\n  }\n})();\n```	\nThe generator function `range` returns an async object with promises for each item in the range we pass: `Promise{1}`, `Promise{2}`, `Promise{3}`. We set the variable `gen` equal to the async object, after which we loop over it using a `for await ... of` loop. We set the variable `item` equal to the returned Promise values: first `Promise{1}`, then `Promise{2}`, then `Promise{3}`. Since we're _awaiting_ the value of `item`, the resolved promsie, the resolved _values_ of the promises get returned: `1`, `2`, then `3`.\n\n	1	124
125	What's the output?	```javascript\nconst myFunc = ({ x, y, z }) => {\n  console.log(x, y, z);\n};\n\nmyFunc(1, 2, 3);\n```	\n`myFunc` expects an object with properties `x`, `y` and `z` as its argument. Since we're only passing three separate numeric values (1, 2, 3) instead of one object with properties `x`, `y` and `z` ({x: 1, y: 2, z: 3}), `x`, `y` and `z` have their default value of `undefined`.\n\n	1	125
126	What's the output?	```javascript\nfunction getFine(speed, amount) {\n  const formattedSpeed = new Intl.NumberFormat('en-US', {\n    style: 'unit',\n    unit: 'mile-per-hour'\n  }).format(speed);\n\n  const formattedAmount = new Intl.NumberFormat('en-US', {\n    style: 'currency',\n    currency: 'USD'\n  }).format(amount);\n\n  return `The driver drove ${formattedSpeed} and has to pay ${formattedAmount}`;\n}\n\nconsole.log(getFine(130, 300))\n```	\nWith the `Intl.NumberFormat` method, we can format numeric values to any locale. We format the numeric value `130` to the `en-US` locale as a `unit` in `mile-per-hour`, which results in `130 mph`. The numeric value `300` to the `en-US` locale as a `currency` in `USD` results in `$300.00`.\n\n	1	126
127	What's the output?	```javascript\nconst spookyItems = ['👻', '🎃', '🕸'];\n({ item: spookyItems[3] } = { item: '💀' });\n\nconsole.log(spookyItems);\n```	\nBy destructuring objects, we can unpack values from the right-hand object, and assign the unpacked value to the value of the same property name on the left-hand object. In this case, we're assigning the value "💀" to `spookyItems[3]`. This means that we're modifying the `spookyItems` array, we're adding the "💀" to it. When logging `spookyItems`, `["👻", "🎃", "🕸", "💀"]` gets logged.\n\n	1	127
128	What's the output?	```javascript\nconst name = 'Lydia Hallie';\nconst age = 21;\n\nconsole.log(Number.isNaN(name));\nconsole.log(Number.isNaN(age));\n\nconsole.log(isNaN(name));\nconsole.log(isNaN(age));\n```	\nWith the `Number.isNaN` method, you can check if the value you pass is a _numeric value_ and equal to `NaN`. `name` is not a numeric value, so `Number.isNaN(name)` returns `false`. `age` is a numeric value, but is not equal to `NaN`, so `Number.isNaN(age)` returns `false`.\n\nWith the `isNaN` method, you can check if the value you pass is not a number. `name` is not a number, so `isNaN(name)` returns true. `age` is a number, so `isNaN(age)` returns `false`.\n\n	1	128
129	What's the output?	```javascript\nconst randomValue = 21;\n\nfunction getInfo() {\n  console.log(typeof randomValue);\n  const randomValue = 'Lydia Hallie';\n}\n\ngetInfo();\n```	\nVariables declared with the `const` keyword are not referencable before their initialization: this is called the _temporal dead zone_. In the `getInfo` function, the variable `randomValue` is scoped in the functional scope of `getInfo`. On the line where we want to log the value of `typeof randomValue`, the variable `randomValue` isn't initialized yet: a `ReferenceError` gets thrown! The engine didn't go down the scope chain since we declared the variable `randomValue` in the `getInfo` function.\n\n	1	129
130	What's the output?	```javascript\nconst myPromise = Promise.resolve('Woah some cool data');\n\n(async () => {\n  try {\n    console.log(await myPromise);\n  } catch {\n    throw new Error(`Oops didn't work`);\n  } finally {\n    console.log('Oh finally!');\n  }\n})();\n```	\nIn the `try` block, we're logging the awaited value of the `myPromise` variable: `"Woah some cool data"`. Since no errors were thrown in the `try` block, the code in the `catch` block doesn't run. The code in the `finally` block _always_ runs, `"Oh finally!"` gets logged.\n\n	1	130
131	What's the output?	```javascript\nconst emojis = ['🥑', ['✨', '✨', ['🍕', '🍕']]];\n\nconsole.log(emojis.flat(1));\n```	\nWith the `flat` method, we can create a new, flattened array. The depth of the flattened array depends on the value that we pass. In this case, we passed the value `1` (which we didn't have to, that's the default value), meaning that only the arrays on the first depth will be concatenated. `['🥑']` and `['✨', '✨', ['🍕', '🍕']]` in this case. Concatenating these two arrays results in `['🥑', '✨', '✨', ['🍕', '🍕']]`.\n\n	1	131
132	What's the output?	```javascript\nclass Counter {\n  constructor() {\n    this.count = 0;\n  }\n\n  increment() {\n    this.count++;\n  }\n}\n\nconst counterOne = new Counter();\ncounterOne.increment();\ncounterOne.increment();\n\nconst counterTwo = counterOne;\ncounterTwo.increment();\n\nconsole.log(counterOne.count);\n```	\n`counterOne` is an instance of the `Counter` class. The counter class contains a `count` property on its constructor, and an `increment` method. First, we invoked the `increment` method twice by calling `counterOne.increment()`. Currently, `counterOne.count` is `2`.\n\n<img src="https://i.imgur.com/KxLlTm9.png" width="400">\n\nThen, we create a new variable `counterTwo`, and set it equal to `counterOne`. Since objects interact by reference, we're just creating a new reference to the same spot in memory that `counterOne` points to. Since it has the same spot in memory, any changes made to the object that `counterTwo` has a reference to, also apply to `counterOne`. Currently, `counterTwo.count` is `2`.\n\nWe invoke the `counterTwo.increment()`, which sets the `count` to `3`. Then, we log the count on `counterOne`, which logs `3`.\n\n<img src="https://i.imgur.com/BNBHXmc.png" width="400">\n\n	1	132
151	What's the output?	```javascript\nconst user = {\n\temail: "my@email.com",\n\tupdateEmail: email => {\n\t\tthis.email = email\n\t}\n}\n\nuser.updateEmail("new@email.com")\nconsole.log(user.email)\n```	\nThe `updateEmail` function is an arrow function, and is not bound to the `user` object. This means that the `this` keyword is not referring to the `user` object, but refers to  the global scope in this case. The value of `email` within the `user` object does not get updated. When logging the value of `user.email`, the original value of `my@email.com` gets returned. \n\n	1	151
133	What's the output?	```javascript\nconst myPromise = Promise.resolve(Promise.resolve('Promise!'));\n\nfunction funcOne() {\n  myPromise.then(res => res).then(res => console.log(res));\n  setTimeout(() => console.log('Timeout!', 0));\n  console.log('Last line!');\n}\n\nasync function funcTwo() {\n  const res = await myPromise;\n  console.log(await res);\n  setTimeout(() => console.log('Timeout!', 0));\n  console.log('Last line!');\n}\n\nfuncOne();\nfuncTwo();\n```	\nFirst, we invoke `funcOne`. On the first line of `funcOne`, we call the `myPromise` promise, which is an _asynchronous_ operation. While the engine is busy completing the promise, it keeps on running the function `funcOne`. The next line is the _asynchronous_ `setTimeout` function, from which the callback is sent to the Web API. (see my article on the event loop here.)\n\nBoth the promise and the timeout are asynchronous operations, the function keeps on running while it's busy completing the promise and handling the `setTimeout` callback. This means that `Last line!` gets logged first, since this is not an asynchonous operation. This is the last line of `funcOne`, the promise resolved, and `Promise!` gets logged. However, since we're invoking `funcTwo()`, the call stack isn't empty, and the callback of the `setTimeout` function cannot get added to the callstack yet.\n\nIn `funcTwo` we're, first _awaiting_ the myPromise promise. With the `await` keyword, we pause the execution of the function until the promise has resolved (or rejected). Then, we log the awaited value of `res` (since the promise itself returns a promise). This logs `Promise!`.\n\nThe next line is the _asynchronous_ `setTimeout` function, from which the callback is sent to the Web API.\n\nWe get to the last line of `funcTwo`, which logs `Last line!` to the console. Now, since `funcTwo` popped off the call stack, the call stack is empty. The callbacks waiting in the queue (`() => console.log("Timeout!")` from `funcOne`, and `() => console.log("Timeout!")` from `funcTwo`) get added to the call stack one by one. The first callback logs `Timeout!`, and gets popped off the stack. Then, the second callback logs `Timeout!`, and gets popped off the stack. This logs `Last line! Promise! Promise! Last line! Timeout! Timeout!`\n\n	1	133
134	How can we invoke `sum` in `sum.js` from `index.js?`	```javascript\n// sum.js\nexport default function sum(x) {\n  return x + x;\n}\n\n// index.js\nimport * as sum from './sum';\n```	\nWith the asterisk `*`, we import all exported values from that file, both default and named. If we had the following file:\n\n```javascript\n// info.js\nexport const name = 'Lydia';\nexport const age = 21;\nexport default 'I love JavaScript';\n\n// index.js\nimport * as info from './info';\nconsole.log(info);\n```\n\nThe following would get logged:\n\n```javascript\n{\n  default: "I love JavaScript",\n  name: "Lydia",\n  age: 21\n}\n```\n\nFor the `sum` example, it means that the imported value `sum` looks like this:\n\n```javascript\n{ default: function sum(x) { return x + x } }\n```\n\nWe can invoke this function, by calling `sum.default`\n\n	1	134
135	What's the output?	```javascript\nconst handler = {\n  set: () => console.log('Added a new property!'),\n  get: () => console.log('Accessed a property!'),\n};\n\nconst person = new Proxy({}, handler);\n\nperson.name = 'Lydia';\nperson.name;\n```	\nWith a Proxy object, we can add custom behavior to an object that we pass to it as the second argument. In this case, we pass the `handler` object which contained to properties: `set` and `get`. `set` gets invoked whenever we _set_ property values, `get` gets invoked whenever we _get_ (access) property values.\n\nThe first argument is an empty object `{}`, which is the value of `person`. To this object, the custom behavior specified in the `handler` object gets added. If we add a property to the `person` object, `set` will get invoked. If we access a property on the `person` object, `get` gets invoked.\n\nFirst, we added a new property `name` to the proxy object (`person.name = "Lydia"`). `set` gets invoked, and logs `"Added a new property!"`.\n\nThen, we access a property value on the proxy object, the `get` property on the handler object got invoked. `"Accessed a property!"` gets logged.\n\n	1	135
136	Which of the following will modify the `person` object?	```javascript\nconst person = { name: 'Lydia Hallie' };\n\nObject.seal(person);\n```	\nWith `Object.seal` we can prevent new properies from being _added_, or existing properties to be _removed_.\n\nHowever, you can still modify the value of existing properties.\n\n	1	136
137	Which of the following will modify the `person` object?	```javascript\nconst person = {\n  name: 'Lydia Hallie',\n  address: {\n    street: '100 Main St',\n  },\n};\n\nObject.freeze(person);\n```	\nThe `Object.freeze` method _freezes_ an object. No properties can be added, modified, or removed.\n\nHowever, it only _shallowly_ freezes the object, meaning that only _direct_ properties on the object are frozen. If the property is another object, like `address` in this case, the properties on that object aren't frozen, and can be modified.\n\n	1	137
138	What's the output?	```javascript\nconst add = x => x + x;\n\nfunction myFunc(num = 2, value = add(num)) {\n  console.log(num, value);\n}\n\nmyFunc();\nmyFunc(3);\n```	\nFirst, we invoked `myFunc()` without passing any arguments. Since we didn't pass arguments, `num` and `value` got their default values: num is `2`, and `value` the returned value of the function `add`. To the `add` function, we pass `num` as an argument, which had the value of `2`. `add` returns `4`, which is the value of `value`.\n\nThen, we invoked `myFunc(3)` and passed the value `3` as the value for the argument `num`. We didn't pass an argument for `value`. Since we didn't pass a value for the `value` argument, it got the default value: the returned value of the `add` function. To `add`, we pass `num`, which has the value of `3`. `add` returns `6`, which is the value of `value`.\n\n	1	138
139	What's the output?	```javascript\nclass Counter {\n  #number = 10\n\n  increment() {\n    this.#number++\n  }\n\n  getNum() {\n    return this.#number\n  }\n}\n\nconst counter = new Counter()\ncounter.increment()\n\nconsole.log(counter.#number)\n```	\nIn ES2020, we can add private variables in classes by using the `#`. We cannot access these variables outside of the class. When we try to log `counter.#number`, a SyntaxError gets thrown: we cannot acccess it outside the `Counter` class!\n\n	1	139
140	What's missing?	```javascript\nconst teams = [\n  { name: 'Team 1', members: ['Paul', 'Lisa'] },\n  { name: 'Team 2', members: ['Laura', 'Tim'] },\n];\n\nfunction* getMembers(members) {\n  for (let i = 0; i < members.length; i++) {\n    yield members[i];\n  }\n}\n\nfunction* getTeams(teams) {\n  for (let i = 0; i < teams.length; i++) {\n    // ✨ SOMETHING IS MISSING HERE ✨\n  }\n}\n\nconst obj = getTeams(teams);\nobj.next(); // { value: "Paul", done: false }\nobj.next(); // { value: "Lisa", done: false }\n```	\nIn order to iterate over the `members` in each element in the `teams` array, we need to pass `teams[i].members` to the `getMembers` generator function. The generator function returns a generator object. In order to iterate over each element in this generator object, we need to use `yield*`.\n\nIf we would've written `yield`, `return yield`, or `return`, the entire generator function would've gotten returned the first time we called the `next` method.\n\n	1	140
150	What's the output?	```javascript\nconst animals = {};\nlet dog = { emoji: '🐶' }\nlet cat = { emoji: '🐈' }\n\nanimals[dog] = { ...dog, name: "Mara" }\nanimals[cat] = { ...cat, name: "Sara" }\n\nconsole.log(animals[dog])\n```	\nObject keys are converted to strings. \n\nSince the value of  `dog` is an object,  `animals[dog]` actually means that we’re creating a new property called `"object Object"` equal to the new object. `animals["object Object"]` is now equal to `{ emoji: "🐶", name: "Mara"}`.\n\n`cat` is also an object, which means that `animals[cat]` actually means that we’re overwriting the value of  `animals[``"``object Object``"``]` with the new cat properties. \n\nLogging `animals[dog]`, or actually `animals["object Object"]` since converting the `dog` object to a string results `"object Object"`, returns the `{ emoji: "🐈", name: "Sara" }`.\n\n	1	150
141	What's the output?	```javascript\nconst person = {\n  name: 'Lydia Hallie',\n  hobbies: ['coding'],\n};\n\nfunction addHobby(hobby, hobbies = person.hobbies) {\n  hobbies.push(hobby);\n  return hobbies;\n}\n\naddHobby('running', []);\naddHobby('dancing');\naddHobby('baking', person.hobbies);\n\nconsole.log(person.hobbies);\n```	\nThe `addHobby` function receives two arguments, `hobby` and `hobbies` with the default value of the `hobbies` array on the `person` object.\n\nFirst, we invoke the `addHobby` function, and pass `"running"` as the value for `hobby` and an empty array as the value for `hobbies`. Since we pass an empty array as the value for `y`, `"running"` gets added to this empty array.\n\nThen, we invoke the `addHobby` function, and pass `"dancing"` as the value for `hobby`. We didn't pass a value for `hobbies`, so it gets the default value, the `hobbies` property on the `person` object. We push the hobby `dancing` to the `person.hobbies` array.\n\nLast, we invoke the `addHobby` function, and pass `"baking"` as the value for `hobby`, and the `person.hobbies` array as the value for `hobbies`. We push the hobby `baking` to the `person.hobbies` array.\n\nAfter pushing `dancing` and `baking`, the value of `person.hobbies` is `["coding", "dancing", "baking"]`\n\n	1	141
142	What's the output?	```javascript\nclass Bird {\n  constructor() {\n    console.log("I'm a bird. 🦢");\n  }\n}\n\nclass Flamingo extends Bird {\n  constructor() {\n    console.log("I'm pink. 🌸");\n    super();\n  }\n}\n\nconst pet = new Flamingo();\n```	\nWe create the variable `pet` which is an instance of the `Flamingo` class. When we instantiate this instance, the `constructor` on `Flamingo` gets called. First, `"I'm pink. 🌸"` gets logged, after which we call `super()`. `super()` calls the constructor of the parent class, `Bird`. The constructor in `Bird` gets called, and logs `"I'm a bird. 🦢"`.\n\n	1	142
143	Which of the options result(s) in an error?	```javascript\nconst emojis = ['🎄', '🎅🏼', '🎁', '⭐'];\n\n/* 1 */ emojis.push('🦌');\n/* 2 */ emojis.splice(0, 2);\n/* 3 */ emojis = [...emojis, '🥂'];\n/* 4 */ emojis.length = 0;\n```	\nThe `const` keyword simply means we cannot _redeclare_ the value of that variable, it's _read-only_. However, the value itself isn't immutable. The properties on the `emojis` array can be modified, for example by pushing new values, splicing them, or setting the length of the array to 0.\n\n	1	143
144	What do we need to add to the `person` object to get `["Lydia Hallie", 21]` as the output of `[...person]`?	```javascript\nconst person = {\n  name: "Lydia Hallie",\n  age: 21\n}\n\n[...person] // ["Lydia Hallie", 21]\n```	\nObjects aren't iterable by default. An iterable is an iterable if the iterator protocol is present. We can add this manually by adding the iterator symbol `[Symbol.iterator]`, which has to return a generator object, for example by making it a generator function `*[Symbol.iterator]() {}`. This generator function has to yield the `Object.values` of the `person` object if we want it to return the array `["Lydia Hallie", 21]`: `yield* Object.values(this)`.\n\n	1	144
145	What's the output?	```javascript\nlet count = 0;\nconst nums = [0, 1, 2, 3];\n\nnums.forEach(num => {\n\tif (num) count += 1\n})\n\nconsole.log(count)\n```	\nThe `if` condition within the `forEach` loop checks whether the value of `num` is truthy or falsy. Since the first number in the `nums` array is `0`, a falsy value, the `if` statement's code block won't be executed. `count` only gets incremented for the other 3 numbers in the `nums` array, `1`, `2` and `3`. Since `count` gets incremented by `1` 3 times, the value of `count` is `3`.\n\n	1	145
146	What's the output?	```javascript\nfunction getFruit(fruits) {\n\tconsole.log(fruits?.[1]?.[1])\n}\n\ngetFruit([['🍊', '🍌'], ['🍍']])\ngetFruit()\ngetFruit([['🍍'], ['🍊', '🍌']])\n```	\nThe `?` allows us to optionally access deeper nested properties within objects. We're trying to log the item on index `1` within the subarray that's on index `1` of the `fruits` array. If the subarray on index `1` in the `fruits` array doesn't exist, it'll simply return `undefined`. If the subarray on index `1` in the `fruits` array exists, but this subarray doesn't have an item on its `1` index, it'll also return `undefined`. \n\nFirst, we're trying to log the second item in the `['🍍']` subarray of `[['🍊', '🍌'], ['🍍']]`. This subarray only contains one item, which means there is no item on index `1`, and returns `undefined`.\n\nThen, we're invoking the `getFruits` function without passing a value as an argument, which means that `fruits` has a value of `undefined` by default. Since we're conditionally chaining the item on index `1` of`fruits`, it returns `undefined` since this item on index `1` does not exist. \n\nLastly, we're trying to log the second item in the `['🍊', '🍌']` subarray of `['🍍'], ['🍊', '🍌']`. The item on index `1` within this subarray is `🍌`, which gets logged.\n\n	1	146
147	What's the output?	```javascript\nclass Calc {\n\tconstructor() {\n\t\tthis.count = 0 \n\t}\n\n\tincrease() {\n\t\tthis.count ++\n\t}\n}\n\nconst calc = new Calc()\nnew Calc().increase()\n\nconsole.log(calc.count)\n```	\nWe set the variable `calc` equal to a new instance of the `Calc` class. Then, we instantiate a new instance of `Calc`, and invoke the `increase` method on this instance. Since the count property is within the constructor of the `Calc` class, the count property is not shared on the prototype of `Calc`. This means that the value of count has not been updated for the instance calc points to, count is still `0`.\n\n	1	147
148	What's the output?	```javascript\nconst user = {\n\temail: "e@mail.com",\n\tpassword: "12345"\n}\n\nconst updateUser = ({ email, password }) => {\n\tif (email) {\n\t\tObject.assign(user, { email })\n\t}\n\n\tif (password) {\n\t\tuser.password = password\n\t}\n\n\treturn user\n}\n\nconst updatedUser = updateUser({ email: "new@email.com" })\n\nconsole.log(updatedUser === user)\n```	\nThe `updateUser` function updates the values of the `email` and `password` properties on user, if their values are passed to the function, after which the function returns the `user` object. The returned value of the `updateUser` function is the `user` object, which means that the value of updatedUser is a reference to the same `user` object that `user` points to. `updatedUser === user` equals `true`.\n\n	1	148
149	What's the output?	```javascript\nconst fruit = ['🍌', '🍊', '🍎']\n\nfruit.slice(0, 1)\nfruit.splice(0, 1)\nfruit.unshift('🍇')\n\nconsole.log(fruit)\n```	\nFirst, we invoke the `slice` method on the fruit array. The slice method does not modify the original array, but returns the value that it sliced off the array: the banana emoji.\nThen, we invoke the `splice` method on the fruit array. The splice method does modify the original array, which means that the fruit array now consists of `['🍊', '🍎']`.\nAt last, we invoke the `unshift` method on the `fruit` array, which modifies the original array by adding the provided value, ‘🍇’ in this case,  as the first element in the array.  The fruit array now consists of `['🍇', '🍊', '🍎']`.\n\n	1	149
152	What's the output?	```javascript\nconst promise1 = Promise.resolve('First')\nconst promise2 = Promise.resolve('Second')\nconst promise3 = Promise.reject('Third')\nconst promise4 = Promise.resolve('Fourth')\n\nconst runPromises = async () => {\n\tconst res1 = await Promise.all([promise1, promise2])\n\tconst res2  = await Promise.all([promise3, promise4])\n\treturn [res1, res2]\n}\n\nrunPromises()\n\t.then(res => console.log(res))\n\t.catch(err => console.log(err))\n```	\nThe `Promise.all` method runs the passed promises in parallel. If one promise fails, the `Promise.all` method _rejects_ with the value of the rejected promise. In this case, `promise3` rejected with the value `"Third"`. We’re catching the rejected value in the chained `catch` method on the `runPromises` invocation to catch any errors  within the `runPromises` function. Only `"Third"` gets logged, since `promise3` rejected with this value.\n\n	1	152
153	What should the value of `method` be to log `{ name: "Lydia", age: 22 }`? 	```javascript\nconst keys = ["name", "age"]\nconst values = ["Lydia", 22]\n\nconst method = /* ?? */\nObject[method](keys.map((_, i) => {\n\treturn [keys[i], values[i]]\n})) // { name: "Lydia", age: 22 }\n```	\nThe `fromEntries` method turns a 2d array into an object. The first element in each subarray will be the key, and the second element in each subarray will be the value. In this case, we’re mapping over the `keys` array, which returns an array which first element is the item on the key array on the current index, and the second element is the item of the values array on the current index. \n\nThis creates an array of subarrays containing the correct keys and values, which results in `{ name: "Lydia", age: 22 }`\n\n	1	153
154	What's the output?	```javascript\nconst createMember = ({ email, address = {}}) => {\n\tconst validEmail = /.+\\@.+\\..+/.test(email)\n\tif (!validEmail) throw new Error("Valid email pls")\n\n\treturn {\n\t\temail,\n\t\taddress: address ? address : null\n\t}\n}\n\nconst member = createMember({ email: "my@email.com" })\nconsole.log(member)\n```	\nThe default value of `address` is an empty object `{}`. When we set the variable `member` equal to the object returned by the `createMember` function, we didn't pass a value for address, which means that the value of address is the default empty object `{}`. An empty object is a truthy value, which means that the condition of the `address ? address : null` conditional returns `true`. The value of address is the empty object `{}`.\n\n	1	154
155	What's the output?	```javascript\nlet randomValue = { name: "Lydia" }\nrandomValue = 23\n\nif (!typeof randomValue === "string") {\n\tconsole.log("It's not a string!")\n} else {\n\tconsole.log("Yay it's a string!")\n}\n```	\nThe condition within the `if` statement checks whether the value of `!typeof randomValue` is equal to `"string"`. The `!` operator converts the value to a boolean value. If the value is truthy, the returned value will be `false`, if the value is falsy, the returned value will be `true`. In this case, the returned value of `typeof randomValue` is the truthy value `"number"`, meaning that the value of `!typeof randomValue` is the boolean value `false`.\n\n`!typeof randomValue === "string"` always returns false, since we're actually checking `false === "string"`. Since the condition returned `false`, the code block of the `else` statement gets run, and `Yay it's a string!` gets logged.\n\n	1	155
\.


--
-- Data for Name: questions; Type: TABLE DATA; Schema: public; Owner: postgres
--

COPY public.questions (id, question_correct_answer, quiz_questions) FROM stdin;
1	4	1
2	7	1
3	9	1
4	12	1
5	15	1
6	19	1
7	26	1
8	31	1
9	32	1
10	35	1
11	39	1
12	43	1
13	50	1
14	52	1
15	55	1
16	59	1
17	62	1
18	66	1
19	69	1
20	73	1
21	75	1
22	80	1
23	84	1
24	89	1
25	93	1
26	95	1
27	100	1
28	102	1
29	107	1
30	111	1
31	116	1
32	118	1
33	125	1
34	127	1
35	130	1
36	135	1
37	140	1
38	142	1
39	146	1
40	152	1
41	155	1
42	158	1
43	162	1
44	168	1
45	171	1
46	177	1
47	179	1
48	183	1
49	188	1
50	192	1
51	194	1
52	201	1
53	203	1
54	206	1
55	210	1
56	217	1
57	220	1
58	222	1
59	228	1
60	231	1
61	235	1
62	238	1
63	242	1
64	248	1
65	253	1
66	255	1
67	259	1
68	262	1
69	268	1
70	270	1
71	276	1
72	280	1
73	284	1
74	287	1
75	291	1
76	297	1
77	298	1
78	302	1
79	304	1
80	310	1
81	313	1
82	317	1
83	320	1
84	326	1
85	330	1
86	332	1
87	337	1
88	341	1
89	344	1
90	350	1
91	355	1
92	359	1
93	360	1
94	367	1
95	369	1
96	373	1
97	379	1
98	380	1
99	386	1
100	389	1
101	394	1
102	399	1
103	402	1
104	406	1
105	409	1
106	415	1
107	416	1
108	421	1
109	422	1
110	426	1
111	433	1
112	436	1
113	438	1
114	444	1
115	447	1
116	452	1
117	456	1
118	459	1
119	463	1
120	467	1
121	473	1
122	476	1
123	478	1
124	484	1
125	489	1
126	491	1
127	495	1
128	500	1
129	505	1
130	508	1
131	511	1
132	517	1
133	521	1
134	524	1
135	528	1
136	530	1
137	536	1
138	538	1
139	545	1
140	547	1
141	552	1
142	555	1
143	561	1
144	564	1
145	568	1
146	573	1
147	574	1
148	579	1
149	584	1
150	587	1
151	590	1
152	597	1
153	600	1
154	604	1
155	607	1
\.


--
-- Data for Name: quiz_langs; Type: TABLE DATA; Schema: public; Owner: postgres
--

COPY public.quiz_langs (id, name, description, i18n_quiz_langs, quiz_langs) FROM stdin;
1	JavaScript	JavaScript trivia questions	1	1
\.


--
-- Data for Name: quizs; Type: TABLE DATA; Schema: public; Owner: postgres
--

COPY public.quizs (id, url_img) FROM stdin;
1	http://some.url
\.


--
-- Data for Name: responses; Type: TABLE DATA; Schema: public; Owner: postgres
--

COPY public.responses (id, created_at, answer_responses, user_responses) FROM stdin;
\.


--
-- Data for Name: user_quizes; Type: TABLE DATA; Schema: public; Owner: postgres
--

COPY public.user_quizes (user_id, quiz_id) FROM stdin;
\.


--
-- Data for Name: users; Type: TABLE DATA; Schema: public; Owner: postgres
--

COPY public.users (id, name, email, created_at) FROM stdin;
\.


--
-- Name: answer_langs_id_seq; Type: SEQUENCE SET; Schema: public; Owner: postgres
--

SELECT pg_catalog.setval('public.answer_langs_id_seq', 609, true);


--
-- Name: answers_id_seq; Type: SEQUENCE SET; Schema: public; Owner: postgres
--

SELECT pg_catalog.setval('public.answers_id_seq', 609, true);


--
-- Name: i18ns_id_seq; Type: SEQUENCE SET; Schema: public; Owner: postgres
--

SELECT pg_catalog.setval('public.i18ns_id_seq', 1, true);


--
-- Name: question_langs_id_seq; Type: SEQUENCE SET; Schema: public; Owner: postgres
--

SELECT pg_catalog.setval('public.question_langs_id_seq', 155, true);


--
-- Name: questions_id_seq; Type: SEQUENCE SET; Schema: public; Owner: postgres
--

SELECT pg_catalog.setval('public.questions_id_seq', 155, true);


--
-- Name: quiz_langs_id_seq; Type: SEQUENCE SET; Schema: public; Owner: postgres
--

SELECT pg_catalog.setval('public.quiz_langs_id_seq', 1, true);


--
-- Name: quizs_id_seq; Type: SEQUENCE SET; Schema: public; Owner: postgres
--

SELECT pg_catalog.setval('public.quizs_id_seq', 1, true);


--
-- Name: responses_id_seq; Type: SEQUENCE SET; Schema: public; Owner: postgres
--

SELECT pg_catalog.setval('public.responses_id_seq', 1, false);


--
-- Name: users_id_seq; Type: SEQUENCE SET; Schema: public; Owner: postgres
--

SELECT pg_catalog.setval('public.users_id_seq', 1, false);


--
-- Name: answer_langs answer_langs_pkey; Type: CONSTRAINT; Schema: public; Owner: postgres
--

ALTER TABLE ONLY public.answer_langs
    ADD CONSTRAINT answer_langs_pkey PRIMARY KEY (id);


--
-- Name: answers answers_pkey; Type: CONSTRAINT; Schema: public; Owner: postgres
--

ALTER TABLE ONLY public.answers
    ADD CONSTRAINT answers_pkey PRIMARY KEY (id);


--
-- Name: i18ns i18ns_pkey; Type: CONSTRAINT; Schema: public; Owner: postgres
--

ALTER TABLE ONLY public.i18ns
    ADD CONSTRAINT i18ns_pkey PRIMARY KEY (id);


--
-- Name: question_langs question_langs_pkey; Type: CONSTRAINT; Schema: public; Owner: postgres
--

ALTER TABLE ONLY public.question_langs
    ADD CONSTRAINT question_langs_pkey PRIMARY KEY (id);


--
-- Name: questions questions_pkey; Type: CONSTRAINT; Schema: public; Owner: postgres
--

ALTER TABLE ONLY public.questions
    ADD CONSTRAINT questions_pkey PRIMARY KEY (id);


--
-- Name: quiz_langs quiz_langs_pkey; Type: CONSTRAINT; Schema: public; Owner: postgres
--

ALTER TABLE ONLY public.quiz_langs
    ADD CONSTRAINT quiz_langs_pkey PRIMARY KEY (id);


--
-- Name: quizs quizs_pkey; Type: CONSTRAINT; Schema: public; Owner: postgres
--

ALTER TABLE ONLY public.quizs
    ADD CONSTRAINT quizs_pkey PRIMARY KEY (id);


--
-- Name: responses responses_pkey; Type: CONSTRAINT; Schema: public; Owner: postgres
--

ALTER TABLE ONLY public.responses
    ADD CONSTRAINT responses_pkey PRIMARY KEY (id);


--
-- Name: user_quizes user_quizes_pkey; Type: CONSTRAINT; Schema: public; Owner: postgres
--

ALTER TABLE ONLY public.user_quizes
    ADD CONSTRAINT user_quizes_pkey PRIMARY KEY (user_id, quiz_id);


--
-- Name: users users_pkey; Type: CONSTRAINT; Schema: public; Owner: postgres
--

ALTER TABLE ONLY public.users
    ADD CONSTRAINT users_pkey PRIMARY KEY (id);


--
-- Name: answer_langs answer_langs_answers_langs; Type: FK CONSTRAINT; Schema: public; Owner: postgres
--

ALTER TABLE ONLY public.answer_langs
    ADD CONSTRAINT answer_langs_answers_langs FOREIGN KEY (answer_langs) REFERENCES public.answers(id) ON DELETE SET NULL;


--
-- Name: answer_langs answer_langs_i18ns_answer_langs; Type: FK CONSTRAINT; Schema: public; Owner: postgres
--

ALTER TABLE ONLY public.answer_langs
    ADD CONSTRAINT answer_langs_i18ns_answer_langs FOREIGN KEY (i18n_answer_langs) REFERENCES public.i18ns(id) ON DELETE SET NULL;


--
-- Name: answers answers_questions_answers; Type: FK CONSTRAINT; Schema: public; Owner: postgres
--

ALTER TABLE ONLY public.answers
    ADD CONSTRAINT answers_questions_answers FOREIGN KEY (question_answers) REFERENCES public.questions(id) ON DELETE SET NULL;


--
-- Name: question_langs question_langs_i18ns_question_langs; Type: FK CONSTRAINT; Schema: public; Owner: postgres
--

ALTER TABLE ONLY public.question_langs
    ADD CONSTRAINT question_langs_i18ns_question_langs FOREIGN KEY (i18n_question_langs) REFERENCES public.i18ns(id) ON DELETE SET NULL;


--
-- Name: question_langs question_langs_questions_langs; Type: FK CONSTRAINT; Schema: public; Owner: postgres
--

ALTER TABLE ONLY public.question_langs
    ADD CONSTRAINT question_langs_questions_langs FOREIGN KEY (question_langs) REFERENCES public.questions(id) ON DELETE SET NULL;


--
-- Name: questions questions_answers_correct_answer; Type: FK CONSTRAINT; Schema: public; Owner: postgres
--

ALTER TABLE ONLY public.questions
    ADD CONSTRAINT questions_answers_correct_answer FOREIGN KEY (question_correct_answer) REFERENCES public.answers(id) ON DELETE SET NULL;


--
-- Name: questions questions_quizs_questions; Type: FK CONSTRAINT; Schema: public; Owner: postgres
--

ALTER TABLE ONLY public.questions
    ADD CONSTRAINT questions_quizs_questions FOREIGN KEY (quiz_questions) REFERENCES public.quizs(id) ON DELETE SET NULL;


--
-- Name: quiz_langs quiz_langs_i18ns_quiz_langs; Type: FK CONSTRAINT; Schema: public; Owner: postgres
--

ALTER TABLE ONLY public.quiz_langs
    ADD CONSTRAINT quiz_langs_i18ns_quiz_langs FOREIGN KEY (i18n_quiz_langs) REFERENCES public.i18ns(id) ON DELETE SET NULL;


--
-- Name: quiz_langs quiz_langs_quizs_langs; Type: FK CONSTRAINT; Schema: public; Owner: postgres
--

ALTER TABLE ONLY public.quiz_langs
    ADD CONSTRAINT quiz_langs_quizs_langs FOREIGN KEY (quiz_langs) REFERENCES public.quizs(id) ON DELETE SET NULL;


--
-- Name: responses responses_answers_responses; Type: FK CONSTRAINT; Schema: public; Owner: postgres
--

ALTER TABLE ONLY public.responses
    ADD CONSTRAINT responses_answers_responses FOREIGN KEY (answer_responses) REFERENCES public.answers(id) ON DELETE SET NULL;


--
-- Name: responses responses_users_responses; Type: FK CONSTRAINT; Schema: public; Owner: postgres
--

ALTER TABLE ONLY public.responses
    ADD CONSTRAINT responses_users_responses FOREIGN KEY (user_responses) REFERENCES public.users(id) ON DELETE SET NULL;


--
-- Name: user_quizes user_quizes_quiz_id; Type: FK CONSTRAINT; Schema: public; Owner: postgres
--

ALTER TABLE ONLY public.user_quizes
    ADD CONSTRAINT user_quizes_quiz_id FOREIGN KEY (quiz_id) REFERENCES public.quizs(id) ON DELETE CASCADE;


--
-- Name: user_quizes user_quizes_user_id; Type: FK CONSTRAINT; Schema: public; Owner: postgres
--

ALTER TABLE ONLY public.user_quizes
    ADD CONSTRAINT user_quizes_user_id FOREIGN KEY (user_id) REFERENCES public.users(id) ON DELETE CASCADE;


--
-- PostgreSQL database dump complete
--

